ticker,cik,company_name,source_index
A,0001090872,"AGILENT TECHNOLOGIES, INC.",SP500
AAPL,0000320193,Apple Inc.,"SP500,NASDAQ100"
ABBV,0001551152,AbbVie Inc.,SP500
ABNB,0001559720,"Airbnb, Inc.","SP500,NASDAQ100"
ABT,0000001800,ABBOTT LABORATORIES,SP500
ACGL,0000947484,ARCH CAPITAL GROUP LTD.,SP500
ACN,0001467373,Accenture plc,SP500
ADBE,0000796343,ADOBE INC.,"SP500,NASDAQ100"
ADI,0000006281,ANALOG DEVICES INC,"SP500,NASDAQ100"
ADM,0000007084,Archer-Daniels-Midland Co,SP500
ADP,0000008670,AUTOMATIC DATA PROCESSING INC,"SP500,NASDAQ100"
ADSK,0000769397,"Autodesk, Inc.","SP500,NASDAQ100"
AEE,0001002910,AMEREN CORP,SP500
AEP,0000004904,AMERICAN ELECTRIC POWER CO INC,"SP500,NASDAQ100"
AES,0000874761,AES CORP,SP500
AFL,0000004977,AFLAC INC,SP500
AIG,0000005272,"AMERICAN INTERNATIONAL GROUP, INC.",SP500
AIZ,0001267238,"ASSURANT, INC.",SP500
AJG,0000354190,Arthur J. Gallagher & Co.,SP500
AKAM,0001086222,AKAMAI TECHNOLOGIES INC,SP500
ALAB,0001736297,"Astera Labs, Inc.",NASDAQ100
ALB,0000915913,ALBEMARLE CORP,SP500
ALGN,0001097149,ALIGN TECHNOLOGY INC,SP500
ALL,0000899051,ALLSTATE CORP,SP500
ALLE,0001579241,Allegion plc,SP500
ALNY,0001178670,"ALNYLAM PHARMACEUTICALS, INC.",NASDAQ100
AMAT,0000006951,APPLIED MATERIALS INC /DE,"SP500,NASDAQ100"
AMCR,0001748790,Amcor plc,SP500
AMD,0000002488,ADVANCED MICRO DEVICES INC,"SP500,NASDAQ100"
AME,0001037868,AMETEK INC/,SP500
AMGN,0000318154,AMGEN INC,"SP500,NASDAQ100"
AMP,0000820027,AMERIPRISE FINANCIAL INC,SP500
AMT,0001053507,AMERICAN TOWER CORP /MA/,SP500
AMZN,0001018724,AMAZON COM INC,"SP500,NASDAQ100"
ANET,0001596532,"Arista Networks, Inc.",SP500
AON,0000315293,Aon plc,SP500
AOS,0000091142,SMITH A O CORP,SP500
APA,0001841666,APA Corp,SP500
APD,0000002969,"Air Products & Chemicals, Inc.",SP500
APH,0000820313,AMPHENOL CORP /DE/,SP500
APO,0001858681,"Apollo Global Management, Inc.",SP500
APP,0001751008,AppLovin Corp,"SP500,NASDAQ100"
APTV,0001521332,Aptiv PLC,SP500
ARE,0001035443,"ALEXANDRIA REAL ESTATE EQUITIES, INC.",SP500
ARES,0001176948,Ares Management Corp,SP500
ARM,0001973239,ARM HOLDINGS PLC /UK,NASDAQ100
ASML,0000937966,ASML HOLDING NV,"NASDAQ100,AEX"
ATO,0000731802,ATMOS ENERGY CORP,SP500
AVGO,0001730168,Broadcom Inc.,"SP500,NASDAQ100"
AVY,0000008818,Avery Dennison Corp,SP500
AWK,0001410636,"American Water Works Company, Inc.",SP500
AXON,0001069183,"AXON ENTERPRISE, INC.","SP500,NASDAQ100"
AXP,0000004962,AMERICAN EXPRESS CO,SP500
AZO,0000866787,AUTOZONE INC,SP500
BA,0000012927,BOEING CO,SP500
BAC,0000070858,BANK OF AMERICA CORP /DE/,SP500
BALL,0000009389,BALL Corp,SP500
BAX,0000010456,BAXTER INTERNATIONAL INC,SP500
BBY,0000764478,BEST BUY CO INC,SP500
BDX,0000010795,BECTON DICKINSON & CO,SP500
BE,0001664703,Bloom Energy Corp,SP500
BEN,0000038777,FRANKLIN TEMPLETON INC,SP500
BF-B,0000014693,BROWN FORMAN CORP,SP500
BG,0001996862,Bunge Global SA,SP500
BIIB,0000875045,BIOGEN INC.,SP500
BKNG,0001075531,Booking Holdings Inc.,"SP500,NASDAQ100"
BKR,0001701605,Baker Hughes Co,"SP500,NASDAQ100"
BLK,0002012383,"BlackRock, Inc.",SP500
BMY,0000014272,BRISTOL MYERS SQUIBB CO,SP500
BNY,0001390777,Bank of New York Mellon Corp,SP500
BR,0001383312,"BROADRIDGE FINANCIAL SOLUTIONS, INC.",SP500
BRK-B,0001067983,BERKSHIRE HATHAWAY INC,SP500
BRO,0000079282,"BROWN & BROWN, INC.",SP500
BSX,0000885725,BOSTON SCIENTIFIC CORP,SP500
BX,0001393818,Blackstone Inc.,SP500
BXP,0001037540,"BXP, Inc.",SP500
C,0000831001,CITIGROUP INC,SP500
CAH,0000721371,CARDINAL HEALTH INC,SP500
CARR,0001783180,CARRIER GLOBAL Corp,SP500
CASY,0000726958,CASEYS GENERAL STORES INC,SP500
CAT,0000018230,CATERPILLAR INC,SP500
CB,0000896159,Chubb Ltd,SP500
CBOE,0001374310,"Cboe Global Markets, Inc.",SP500
CBRE,0001138118,"CBRE GROUP, INC.",SP500
CCEP,0001650107,COCA-COLA EUROPACIFIC PARTNERS plc,"NASDAQ100,FTSE100"
CCI,0001051470,CROWN CASTLE INC.,SP500
CCL,0000815097,Carnival Corp Ltd.,SP500
CDNS,0000813672,CADENCE DESIGN SYSTEMS INC,"SP500,NASDAQ100"
CDW,0001402057,CDW Corp,SP500
CEG,0001868275,Constellation Energy Corp,"SP500,NASDAQ100"
CF,0001324404,"CF Industries Holdings, Inc.",SP500
CFG,0000759944,CITIZENS FINANCIAL GROUP INC/RI,SP500
CHD,0000313927,CHURCH & DWIGHT CO INC /DE/,SP500
CHRW,0001043277,"C. H. ROBINSON WORLDWIDE, INC.",SP500
CHTR,0001091667,"CHARTER COMMUNICATIONS, INC. /MO/",SP500
CI,0001739940,Cigna Group,SP500
CIEN,0000936395,CIENA CORP,SP500
CINF,0000020286,CINCINNATI FINANCIAL CORP,SP500
CL,0000021665,COLGATE PALMOLIVE CO,SP500
CLX,0000021076,CLOROX CO /DE/,SP500
CMCSA,0001166691,COMCAST CORP,"SP500,NASDAQ100"
CME,0001156375,CME GROUP INC.,SP500
CMG,0001058090,CHIPOTLE MEXICAN GRILL INC,SP500
CMI,0000026172,CUMMINS INC,SP500
CMS,0000811156,CMS ENERGY CORP,SP500
CNC,0001071739,CENTENE CORP,SP500
CNP,0001130310,CENTERPOINT ENERGY INC,SP500
COF,0000927628,CAPITAL ONE FINANCIAL CORP,SP500
COHR,0000820318,COHERENT CORP.,SP500
COIN,0001679788,"Coinbase Global, Inc.",SP500
COO,0000711404,"COOPER COMPANIES, INC.",SP500
COP,0001163165,CONOCOPHILLIPS,SP500
COR,0001140859,"Cencora, Inc.",SP500
COST,0000909832,COSTCO WHOLESALE CORP /NEW,"SP500,NASDAQ100"
CPAY,0001175454,"CORPAY, INC.",SP500
CPRT,0000900075,COPART INC,"SP500,NASDAQ100"
CPT,0000906345,CAMDEN PROPERTY TRUST,SP500
CRH,0000849395,CRH PUBLIC LTD CO,SP500
CRL,0001100682,"CHARLES RIVER LABORATORIES INTERNATIONAL, INC.",SP500
CRM,0001108524,"Salesforce, Inc.",SP500
CRWD,0001535527,"CrowdStrike Holdings, Inc.","SP500,NASDAQ100"
CRWV,0001769628,"CoreWeave, Inc.",NASDAQ100
CSCO,0000858877,"CISCO SYSTEMS, INC.","SP500,NASDAQ100"
CSGP,0001057352,"COSTAR GROUP, INC.",SP500
CSX,0000277948,CSX CORP,"SP500,NASDAQ100"
CTAS,0000723254,CINTAS CORP,"SP500,NASDAQ100"
CTSH,0001058290,COGNIZANT TECHNOLOGY SOLUTIONS CORP,SP500
CTVA,0001755672,"Corteva, Inc.",SP500
CVNA,0001690820,CARVANA CO.,SP500
CVS,0000064803,CVS HEALTH Corp,SP500
CVX,0000093410,CHEVRON CORP,SP500
D,0000715957,"DOMINION ENERGY, INC",SP500
DAL,0000027904,"DELTA AIR LINES, INC.",SP500
DASH,0001792789,"DoorDash, Inc.","SP500,NASDAQ100"
DD,0001666700,"DuPont de Nemours, Inc.",SP500
DDOG,0001561550,"Datadog, Inc.","SP500,NASDAQ100"
DE,0000315189,DEERE & CO,SP500
DECK,0000910521,DECKERS OUTDOOR CORP,SP500
DELL,0001571996,Dell Technologies Inc.,SP500
DG,0000029534,DOLLAR GENERAL CORP,SP500
DGX,0001022079,QUEST DIAGNOSTICS INC,SP500
DHI,0000882184,HORTON D R INC /DE/,SP500
DHR,0000313616,DANAHER CORP /DE/,SP500
DIS,0001744489,Walt Disney Co,SP500
DLR,0001297996,"DIGITAL REALTY TRUST, INC.",SP500
DLTR,0000935703,"DOLLAR TREE, INC.",SP500
DOC,0000765880,"HEALTHPEAK PROPERTIES, INC.",SP500
DOV,0000029905,DOVER Corp,SP500
DOW,0001751788,DOW INC.,SP500
DPZ,0001286681,DOMINOS PIZZA INC,SP500
DRI,0000940944,DARDEN RESTAURANTS INC,SP500
DTE,0000936340,DTE ENERGY CO,SP500
DUK,0001326160,Duke Energy CORP,SP500
DVA,0000927066,DAVITA INC.,SP500
DVN,0001090012,DEVON ENERGY CORP/DE,SP500
DXCM,0001093557,DEXCOM INC,"SP500,NASDAQ100"
EBAY,0001065088,EBAY INC,SP500
ECHO,0001415404,EchoStar CORP,SP500
ECL,0000031462,ECOLAB INC.,SP500
ED,0001047862,CONSOLIDATED EDISON INC,SP500
EFX,0000033185,EQUIFAX INC,SP500
EG,0001095073,"EVEREST GROUP, LTD.",SP500
EIX,0000827052,EDISON INTERNATIONAL,SP500
EL,0001001250,ESTEE LAUDER COMPANIES INC,SP500
ELV,0001156039,"Elevance Health, Inc.",SP500
EME,0000105634,"EMCOR Group, Inc.",SP500
EMR,0000032604,EMERSON ELECTRIC CO,SP500
EOG,0000821189,EOG RESOURCES INC,SP500
EQIX,0001101239,EQUINIX INC,SP500
EQT,0000033213,EQT Corp,SP500
ERIE,0000922621,ERIE INDEMNITY CO,SP500
ES,0000072741,EVERSOURCE ENERGY,SP500
ESS,0000920522,"ESSEX PROPERTY TRUST, INC.",SP500
ETN,0001551182,Eaton Corp plc,SP500
ETR,0000065984,ENTERGY CORP /DE/,SP500
EVRG,0001711269,"Evergy, Inc.",SP500
EW,0001099800,Edwards Lifesciences Corp,SP500
EXC,0001109357,EXELON CORP,"SP500,NASDAQ100"
EXE,0000895126,EXPAND ENERGY Corp,SP500
EXPD,0000746515,EXPEDITORS INTERNATIONAL OF WASHINGTON INC,SP500
EXPE,0001324424,"Expedia Group, Inc.",SP500
EXR,0001289490,Extra Space Storage Inc.,SP500
F,0000037996,FORD MOTOR CO,SP500
FANG,0001539838,"Diamondback Energy, Inc.","SP500,NASDAQ100"
FAST,0000815556,FASTENAL CO,"SP500,NASDAQ100"
FCX,0000831259,FREEPORT-MCMORAN INC,SP500
FDS,0001013237,FACTSET RESEARCH SYSTEMS INC,SP500
FDX,0001048911,FEDEX CORP,SP500
FDXF,0002082247,"FedEx Freight Holding Company, Inc.",SP500
FE,0001031296,FIRSTENERGY CORP,SP500
FER,0001468522,Ferrovial N.V.,"NASDAQ100,IBEX35"
FERG,0002011641,Ferguson Enterprises Inc. /DE/,SP500
FFIV,0001048695,"F5, INC.",SP500
FICO,0000814547,FAIR ISAAC CORP,SP500
FIS,0001136893,"Fidelity National Information Services, Inc.",SP500
FISV,0000798354,FISERV INC,SP500
FITB,0000035527,FIFTH THIRD BANCORP,SP500
FIX,0001035983,COMFORT SYSTEMS USA INC,SP500
FLEX,0000866374,FLEX LTD.,SP500
FOXA,0001754301,Fox Corp,SP500
FRT,0000034903,FEDERAL REALTY INVESTMENT TRUST,SP500
FSLR,0001274494,"FIRST SOLAR, INC.",SP500
FTNT,0001262039,"Fortinet, Inc.","SP500,NASDAQ100"
FTV,0001659166,Fortive Corp,SP500
GD,0000040533,GENERAL DYNAMICS CORP,SP500
GDDY,0001609711,GoDaddy Inc.,SP500
GE,0000040545,GENERAL ELECTRIC CO,SP500
GEHC,0001932393,GE HealthCare Technologies Inc.,"SP500,NASDAQ100"
GEN,0000849399,Gen Digital Inc.,SP500
GEV,0001996810,GE Vernova Inc.,SP500
GILD,0000882095,"GILEAD SCIENCES, INC.","SP500,NASDAQ100"
GIS,0000040704,GENERAL MILLS INC,SP500
GL,0000320335,GLOBE LIFE INC.,SP500
GLW,0000024741,CORNING INC /NY,SP500
GM,0001467858,General Motors Co,SP500
GNRC,0001474735,GENERAC HOLDINGS INC.,SP500
GOOGL,0001652044,Alphabet Inc.,"SP500,NASDAQ100"
GPC,0000040987,GENUINE PARTS CO,SP500
GPN,0001123360,GLOBAL PAYMENTS INC,SP500
GRMN,0001121788,GARMIN LTD,SP500
GS,0000886982,GOLDMAN SACHS GROUP INC,SP500
GWW,0000277135,"W.W. GRAINGER, INC.",SP500
HAL,0000045012,HALLIBURTON CO,SP500
HAS,0000046080,"HASBRO, INC.",SP500
HBAN,0000049196,HUNTINGTON BANCSHARES INC /MD/,SP500
HCA,0000860730,"HCA Healthcare, Inc.",SP500
HD,0000354950,"HOME DEPOT, INC.",SP500
HIG,0000874766,"HARTFORD INSURANCE GROUP, INC.",SP500
HII,0001501585,"HUNTINGTON INGALLS INDUSTRIES, INC.",SP500
HLT,0001585689,Hilton Worldwide Holdings Inc.,SP500
HON,0000773840,HONEYWELL INTERNATIONAL INC,"SP500,NASDAQ100"
HONA,0002089271,Honeywell Aerospace Inc.,"SP500,NASDAQ100"
HOOD,0001783879,"Robinhood Markets, Inc.",SP500
HPE,0001645590,Hewlett Packard Enterprise Co,SP500
HPQ,0000047217,HP INC,SP500
HRL,0000048465,HORMEL FOODS CORP /DE/,SP500
HSIC,0001000228,HENRY SCHEIN INC,SP500
HST,0001070750,"HOST HOTELS & RESORTS, INC.",SP500
HSY,0000047111,HERSHEY CO,SP500
HUBB,0000048898,HUBBELL INC,SP500
HUM,0000049071,HUMANA INC,SP500
HWM,0000004281,Howmet Aerospace Inc.,SP500
IBKR,0001381197,"Interactive Brokers Group, Inc.",SP500
IBM,0000051143,INTERNATIONAL BUSINESS MACHINES CORP,SP500
ICE,0001571949,"Intercontinental Exchange, Inc.",SP500
IDXX,0000874716,IDEXX LABORATORIES INC /DE,"SP500,NASDAQ100"
IEX,0000832101,IDEX CORP /DE/,SP500
IFF,0000051253,INTERNATIONAL FLAVORS & FRAGRANCES INC,SP500
ILMN,0001110803,"ILLUMINA, INC.",SP500
INCY,0000879169,INCYTE CORP,SP500
INTC,0000050863,INTEL CORP,"SP500,NASDAQ100"
INTU,0000896878,INTUIT INC.,"SP500,NASDAQ100"
INVH,0001687229,Invitation Homes Inc.,SP500
IP,0000051434,INTERNATIONAL PAPER CO /NEW/,SP500
IQV,0001478242,IQVIA HOLDINGS INC.,SP500
IR,0001699150,Ingersoll Rand Inc.,SP500
IRM,0001020569,IRON MOUNTAIN INC,SP500
ISRG,0001035267,INTUITIVE SURGICAL INC,"SP500,NASDAQ100"
IT,0000749251,GARTNER INC,SP500
ITW,0000049826,ILLINOIS TOOL WORKS INC,SP500
IVZ,0000914208,Invesco Ltd.,SP500
J,0000052988,JACOBS SOLUTIONS INC.,SP500
JBHT,0000728535,HUNT J B TRANSPORT SERVICES INC,SP500
JBL,0000898293,JABIL INC,SP500
JCI,0000833444,Johnson Controls International plc,SP500
JKHY,0000779152,JACK HENRY & ASSOCIATES INC,SP500
JNJ,0000200406,JOHNSON & JOHNSON,SP500
JPM,0000019617,JPMORGAN CHASE & CO,SP500
KDP,0001418135,Keurig Dr Pepper Inc.,"SP500,NASDAQ100"
KEY,0000091576,KEYCORP /NEW/,SP500
KEYS,0001601046,"Keysight Technologies, Inc.",SP500
KHC,0001637459,Kraft Heinz Co,SP500
KIM,0000879101,KIMCO REALTY CORP,SP500
KKR,0001404912,KKR & Co. Inc.,SP500
KLAC,0000319201,KLA CORP,"SP500,NASDAQ100"
KMB,0000055785,KIMBERLY CLARK CORP,SP500
KMI,0001506307,"KINDER MORGAN, INC.",SP500
KO,0000021344,COCA COLA CO,SP500
KR,0000056873,KROGER CO,SP500
KVUE,0001944048,Kenvue Inc.,SP500
L,0000060086,LOEWS CORP,SP500
LDOS,0001336920,"Leidos Holdings, Inc.",SP500
LEN,0000920760,LENNAR CORP /NEW/,SP500
LH,0000920148,LABCORP HOLDINGS INC.,SP500
LHX,0000202058,"L3HARRIS TECHNOLOGIES, INC. /DE/",SP500
LII,0001069202,LENNOX INTERNATIONAL INC,SP500
LIN,0001707925,LINDE PLC,"SP500,NASDAQ100"
LITE,0001633978,Lumentum Holdings Inc.,"SP500,NASDAQ100"
LLY,0000059478,ELI LILLY & Co,SP500
LMT,0000936468,LOCKHEED MARTIN CORP,SP500
LNT,0000352541,ALLIANT ENERGY CORP,SP500
LOW,0000060667,LOWES COMPANIES INC,SP500
LRCX,0000707549,LAM RESEARCH CORP,"SP500,NASDAQ100"
LULU,0001397187,lululemon athletica inc.,SP500
LUV,0000092380,SOUTHWEST AIRLINES CO,SP500
LVS,0001300514,LAS VEGAS SANDS CORP,SP500
LYB,0001489393,LyondellBasell Industries N.V.,SP500
LYV,0001335258,"Live Nation Entertainment, Inc.",SP500
MA,0001141391,Mastercard Inc,SP500
MAA,0000912595,MID AMERICA APARTMENT COMMUNITIES INC.,SP500
MAR,0001048286,MARRIOTT INTERNATIONAL INC /MD/,"SP500,NASDAQ100"
MAS,0000062996,MASCO CORP /DE/,SP500
MCD,0000063908,MCDONALDS CORP,SP500
MCHP,0000827054,MICROCHIP TECHNOLOGY INC,"SP500,NASDAQ100"
MCK,0000927653,MCKESSON CORP,SP500
MCO,0001059556,MOODYS CORP /DE/,SP500
MDLZ,0001103982,"Mondelez International, Inc.","SP500,NASDAQ100"
MDT,0001613103,Medtronic plc,SP500
MELI,0001099590,MERCADOLIBRE INC,NASDAQ100
MET,0001099219,METLIFE INC,SP500
META,0001326801,"Meta Platforms, Inc.","SP500,NASDAQ100"
MGM,0000789570,MGM Resorts International,SP500
MKC,0000063754,MCCORMICK & CO INC,SP500
MLM,0000916076,MARTIN MARIETTA MATERIALS INC,SP500
MMM,0000066740,3M CO,SP500
MNST,0000865752,Monster Beverage Corp,"SP500,NASDAQ100"
MO,0000764180,"ALTRIA GROUP, INC.",SP500
MOS,0001285785,MOSAIC CO,SP500
MPC,0001510295,Marathon Petroleum Corp,SP500
MPWR,0001280452,"MONOLITHIC POWER SYSTEMS, INC.","SP500,NASDAQ100"
MRK,0000310158,"Merck & Co., Inc.",SP500
MRNA,0001682852,"Moderna, Inc.",SP500
MRSH,0000062709,"MARSH & MCLENNAN COMPANIES, INC.",SP500
MRVL,0001835632,"Marvell Technology, Inc.","SP500,NASDAQ100"
MS,0000895421,MORGAN STANLEY,SP500
MSCI,0001408198,MSCI Inc.,SP500
MSFT,0000789019,MICROSOFT CORP,"SP500,NASDAQ100"
MSI,0000068505,"Motorola Solutions, Inc.",SP500
MSTR,0001050446,Strategy Inc,NASDAQ100
MTB,0000036270,M&T BANK CORP,SP500
MTD,0001037646,METTLER TOLEDO INTERNATIONAL INC/,SP500
MU,0000723125,MICRON TECHNOLOGY INC,"SP500,NASDAQ100"
NBIS,0001513845,Nebius Group N.V.,NASDAQ100
NCLH,0001513761,Norwegian Cruise Line Holdings Ltd.,SP500
NDAQ,0001120193,"NASDAQ, INC.",SP500
NDSN,0000072331,NORDSON CORP,SP500
NEE,0000753308,NEXTERA ENERGY INC,SP500
NEM,0001164727,NEWMONT Corp /DE/,SP500
NFLX,0001065280,NETFLIX INC,"SP500,NASDAQ100"
NI,0001111711,NISOURCE INC.,SP500
NKE,0000320187,"NIKE, Inc.",SP500
NOC,0001133421,NORTHROP GRUMMAN CORP /DE/,SP500
NOW,0001373715,"ServiceNow, Inc.",SP500
NRG,0001013871,"NRG ENERGY, INC.",SP500
NSC,0000702165,NORFOLK SOUTHERN CORP,SP500
NTAP,0001002047,"NetApp, Inc.",SP500
NTRS,0000073124,NORTHERN TRUST CORP,SP500
NUE,0000073309,NUCOR CORP,SP500
NVDA,0001045810,NVIDIA CORP,"SP500,NASDAQ100"
NVR,0000906163,NVR INC,SP500
NWSA,0001564708,NEWS CORP,SP500
NXPI,0001413447,NXP Semiconductors N.V.,"SP500,NASDAQ100"
O,0000726728,REALTY INCOME CORP,SP500
ODFL,0000878927,"OLD DOMINION FREIGHT LINE, INC.","SP500,NASDAQ100"
OKE,0001039684,ONEOK INC /NEW/,SP500
OMC,0000029989,OMNICOM GROUP INC.,SP500
ON,0001097864,ON SEMICONDUCTOR CORP,SP500
ORCL,0001341439,ORACLE CORP,SP500
ORLY,0000898173,O REILLY AUTOMOTIVE INC,"SP500,NASDAQ100"
OTIS,0001781335,Otis Worldwide Corp,SP500
OXY,0000797468,OCCIDENTAL PETROLEUM CORP /DE/,SP500
P,0001474432,"Everpure, Inc.",SP500
PANW,0001327567,Palo Alto Networks Inc,"SP500,NASDAQ100"
PAYX,0000723531,PAYCHEX INC,"SP500,NASDAQ100"
PCAR,0000075362,PACCAR INC,"SP500,NASDAQ100"
PCG,0001004980,PG&E Corp,SP500
PDD,0001737806,PDD Holdings Inc.,NASDAQ100
PEG,0000788784,PUBLIC SERVICE ENTERPRISE GROUP INC,SP500
PEP,0000077476,PEPSICO INC,"SP500,NASDAQ100"
PFE,0000078003,PFIZER INC,SP500
PFG,0001126328,PRINCIPAL FINANCIAL GROUP INC,SP500
PG,0000080424,PROCTER & GAMBLE Co,SP500
PGR,0000080661,PROGRESSIVE CORP/OH/,SP500
PH,0000076334,Parker-Hannifin Corp,SP500
PHM,0000822416,PULTEGROUP INC/MI/,SP500
PKG,0000075677,PACKAGING CORP OF AMERICA,SP500
PLD,0001045609,"Prologis, Inc.",SP500
PLTR,0001321655,Palantir Technologies Inc.,"SP500,NASDAQ100"
PM,0001413329,Philip Morris International Inc.,SP500
PNC,0000713676,"PNC FINANCIAL SERVICES GROUP, INC.",SP500
PNR,0000077360,PENTAIR plc,SP500
PNW,0000764622,PINNACLE WEST CAPITAL CORP,SP500
PODD,0001145197,INSULET CORP,SP500
PPG,0000079879,PPG INDUSTRIES INC,SP500
PPL,0000922224,PPL Corp,SP500
PRU,0001137774,PRUDENTIAL FINANCIAL INC,SP500
PSA,0001393311,Public Storage,SP500
PSKY,0002041610,Paramount Skydance Corp,SP500
PSX,0001534701,Phillips 66,SP500
PTC,0000857005,PTC INC.,SP500
PWR,0001050915,"QUANTA SERVICES, INC.",SP500
PYPL,0001633917,"PayPal Holdings, Inc.","SP500,NASDAQ100"
Q,0002058873,"Qnity Electronics, Inc.",SP500
QCOM,0000804328,QUALCOMM INC/DE,"SP500,NASDAQ100"
RCL,0000884887,ROYAL CARIBBEAN CRUISES LTD,SP500
RDDT,0001713445,"Reddit, Inc.",SP500
REG,0000910606,REGENCY CENTERS CORP,SP500
REGN,0000872589,"REGENERON PHARMACEUTICALS, INC.","SP500,NASDAQ100"
RF,0001281761,REGIONS FINANCIAL CORP,SP500
RJF,0000720005,RAYMOND JAMES FINANCIAL INC,SP500
RKLB,0001819994,Rocket Lab Corp,NASDAQ100
RL,0001037038,RALPH LAUREN CORP,SP500
RMD,0000943819,RESMED INC,SP500
ROK,0001024478,"ROCKWELL AUTOMATION, INC",SP500
ROL,0000084839,ROLLINS INC,SP500
ROP,0000882835,ROPER TECHNOLOGIES INC,"SP500,NASDAQ100"
ROST,0000745732,"ROSS STORES, INC.","SP500,NASDAQ100"
RSG,0001060391,"REPUBLIC SERVICES, INC.",SP500
RTX,0000101829,RTX Corp,SP500
RVTY,0000031791,"REVVITY, INC.",SP500
SBAC,0001034054,SBA COMMUNICATIONS CORP,SP500
SBUX,0000829224,STARBUCKS CORP,"SP500,NASDAQ100"
SCHW,0000316709,SCHWAB CHARLES CORP,SP500
SHOP,0001594805,SHOPIFY INC.,NASDAQ100
SHW,0000089800,SHERWIN WILLIAMS CO,SP500
SJM,0000091419,J M SMUCKER Co,SP500
SLB,0000087347,SLB LIMITED/NV,SP500
SMCI,0001375365,"Super Micro Computer, Inc.",SP500
SNA,0000091440,Snap-on Inc,SP500
SNDK,0002023554,Sandisk Corp,"SP500,NASDAQ100"
SNPS,0000883241,SYNOPSYS INC,"SP500,NASDAQ100"
SO,0000092122,SOUTHERN CO,SP500
SOLV,0001964738,Solventum Corp,SP500
SPCX,0001181412,SPACE EXPLORATION TECHNOLOGIES CORP,NASDAQ100
SPG,0001063761,SIMON PROPERTY GROUP INC.,SP500
SPGI,0000064040,S&P Global Inc.,SP500
SRE,0001032208,SEMPRA,SP500
STE,0001757898,STERIS plc,SP500
STLD,0001022671,STEEL DYNAMICS INC,SP500
STT,0000093751,STATE STREET CORP,SP500
STX,0001137789,Seagate Technology Holdings plc,"SP500,NASDAQ100"
STZ,0000016918,"CONSTELLATION BRANDS, INC.",SP500
SW,0002005951,Smurfit Westrock plc,SP500
SWK,0000093556,"STANLEY BLACK & DECKER, INC.",SP500
SWKS,0000004127,"SKYWORKS SOLUTIONS, INC.",SP500
SYF,0001601712,Synchrony Financial,SP500
SYK,0000310764,STRYKER CORP,SP500
SYY,0000096021,SYSCO CORP,SP500
T,0000732717,AT&T INC.,SP500
TDG,0001260221,TransDigm Group INC,SP500
TDY,0001094285,TELEDYNE TECHNOLOGIES INC,SP500
TECH,0000842023,BIO-TECHNE Corp,SP500
TEL,0001385157,TE Connectivity plc,SP500
TER,0000097210,"TERADYNE, INC","SP500,NASDAQ100"
TFC,0000092230,TRUIST FINANCIAL CORP,SP500
TGT,0000027419,TARGET CORP,SP500
TJX,0000109198,TJX COMPANIES INC /DE/,SP500
TKO,0001973266,"TKO Group Holdings, Inc.",SP500
TMO,0000097745,THERMO FISHER SCIENTIFIC INC.,SP500
TMUS,0001283699,"T-Mobile US, Inc.","SP500,NASDAQ100"
TPL,0001811074,Texas Pacific Land Corp,SP500
TPR,0001116132,"TAPESTRY, INC.",SP500
TRGP,0001389170,Targa Resources Corp.,SP500
TRI,0001075124,THOMSON REUTERS CORP /CAN/,NASDAQ100
TRMB,0000864749,TRIMBLE INC.,SP500
TROW,0001113169,PRICE T ROWE GROUP INC,SP500
TRV,0000086312,"TRAVELERS COMPANIES, INC.",SP500
TSCO,0000916365,TRACTOR SUPPLY CO /DE/,SP500
TSLA,0001318605,"Tesla, Inc.","SP500,NASDAQ100"
TSN,0000100493,"TYSON FOODS, INC.",SP500
TT,0001466258,Trane Technologies plc,SP500
TTWO,0000946581,TAKE TWO INTERACTIVE SOFTWARE INC,"SP500,NASDAQ100"
TXN,0000097476,TEXAS INSTRUMENTS INC,"SP500,NASDAQ100"
TXT,0000217346,TEXTRON INC,SP500
TYL,0000860731,TYLER TECHNOLOGIES INC,SP500
UAL,0000100517,"United Airlines Holdings, Inc.",SP500
UBER,0001543151,"Uber Technologies, Inc",SP500
UDR,0000074208,"UDR, Inc.",SP500
UHS,0000352915,UNIVERSAL HEALTH SERVICES INC,SP500
ULTA,0001403568,"Ulta Beauty, Inc.",SP500
UNH,0000731766,UNITEDHEALTH GROUP INC,SP500
UNP,0000100885,UNION PACIFIC CORP,SP500
UPS,0001090727,UNITED PARCEL SERVICE INC,SP500
URI,0001067701,"UNITED RENTALS, INC.",SP500
USB,0000036104,US BANCORP DE,SP500
V,0001403161,VISA INC.,SP500
VEEV,0001393052,VEEVA SYSTEMS INC,SP500
VICI,0001705696,VICI PROPERTIES INC.,SP500
VLO,0001035002,VALERO ENERGY CORP/TX,SP500
VLTO,0001967680,Veralto Corp,SP500
VMC,0001396009,Vulcan Materials CO,SP500
VMRK,0000906107,VIVMARK RESIDENTIAL,SP500
VRSK,0001442145,"Verisk Analytics, Inc.",SP500
VRSN,0001014473,VERISIGN INC/CA,SP500
VRT,0001674101,Vertiv Holdings Co,SP500
VRTX,0000875320,VERTEX PHARMACEUTICALS INC / MA,"SP500,NASDAQ100"
VST,0001692819,Vistra Corp.,SP500
VTR,0000740260,"Ventas, Inc.",SP500
VTRS,0001792044,Viatris Inc,SP500
VZ,0000732712,VERIZON COMMUNICATIONS INC,SP500
WAB,0000943452,WESTINGHOUSE AIR BRAKE TECHNOLOGIES CORP,SP500
WAT,0001000697,WATERS CORP /DE/,SP500
WBD,0001437107,"Warner Bros. Discovery, Inc.","SP500,NASDAQ100"
WDAY,0001327811,"Workday, Inc.","SP500,NASDAQ100"
WDC,0000106040,WESTERN DIGITAL CORP,"SP500,NASDAQ100"
WEC,0000783325,"WEC ENERGY GROUP, INC.",SP500
WELL,0000766704,WELLTOWER INC.,SP500
WFC,0000072971,WELLS FARGO & COMPANY/MN,SP500
WM,0000823768,WASTE MANAGEMENT INC,SP500
WMB,0000107263,"WILLIAMS COMPANIES, INC.",SP500
WMT,0000104169,Walmart Inc.,"SP500,NASDAQ100"
WRB,0000011544,BERKLEY W R CORP,SP500
WSM,0000719955,WILLIAMS SONOMA INC,SP500
WST,0000105770,WEST PHARMACEUTICAL SERVICES INC,SP500
WTW,0001140536,WILLIS TOWERS WATSON PLC,SP500
WY,0000106535,WEYERHAEUSER CO,SP500
WYNN,0001174922,WYNN RESORTS LTD,SP500
XEL,0000072903,XCEL ENERGY INC,"SP500,NASDAQ100"
XOM,0000034088,EXXON MOBIL CORP,SP500
XYL,0001524472,Xylem Inc.,SP500
XYZ,0001512673,"Block, Inc.",SP500
YUM,0001041061,YUM BRANDS INC,SP500
ZBH,0001136869,"ZIMMER BIOMET HOLDINGS, INC.",SP500
ZBRA,0000877212,ZEBRA TECHNOLOGIES CORP,SP500
ZTS,0001555280,Zoetis Inc.,SP500
TWST,0001581280,Twist Bioscience Corp,Russell2000
HUT,0001964789,Hut 8 Corp.,Russell2000
MOG-A,0000067887,Moog Inc.,Russell2000
FROG,0001800667,Jfrog Ltd,Russell2000
UMBF,0000101382,Umb Financial Corp,Russell2000
VSAT,0000797721,Viasat Inc,Russell2000
BTSG,0001865782,"Brightspring Health Services, Inc.",Russell2000
GKOS,0001192448,Glaukos Corp,Russell2000
TXG,0001770787,"10X Genomics, Inc.",Russell2000
CYTK,0001061983,Cytokinetics Inc,Russell2000
CTRE,0001590717,"Caretrust Reit, Inc.",Russell2000
ONB,0000707179,Old National Bancorp /In/,Russell2000
PTGX,0001377121,"Protagonist Therapeutics, Inc",Russell2000
FCFS,0000840489,"Firstcash Holdings, Inc.",Russell2000
KRYS,0001711279,"Krystal Biotech, Inc.",Russell2000
EAT,0000703351,"Brinker International, Inc",Russell2000
RIOT,0001167419,"Riot Platforms, Inc.",Russell2000
IDCC,0001405495,"Interdigital, Inc.",Russell2000
SM,0000893538,Sm Energy Co,Russell2000
TGTX,0001001316,"Tg Therapeutics, Inc.",Russell2000
RHP,0001040829,"Ryman Hospitality Properties, Inc.",Russell2000
JXN,0001822993,Jackson Financial Inc.,Russell2000
HQY,0001428336,"Healthequity, Inc.",Russell2000
PCVX,0001649094,"Vaxcyte, Inc.",Russell2000
SSRM,0000921638,Ssr Mining Inc.,Russell2000
FLR,0001124198,Fluor Corp,Russell2000
OSCR,0001568651,"Oscar Health, Inc.",Russell2000
MXL,0001288469,"Maxlinear, Inc",Russell2000
PRAX,0001689548,"Praxis Precision Medicines, Inc.",Russell2000
ALKS,0001520262,Alkermes Plc.,Russell2000
COMP,0001563190,"Compass, Inc.",Russell2000
SNEX,0000913760,Stonex Group Inc.,Russell2000
KYMR,0001815442,"Kymera Therapeutics, Inc.",Russell2000
SLAB,0001038074,Silicon Laboratories Inc.,Russell2000
ACA,0001739445,"Arcosa, Inc.",Russell2000
CMC,0000022444,Commercial Metals Co,Russell2000
PBF,0001534504,Pbf Energy Inc.,Russell2000
MATX,0000003453,"Matson, Inc.",Russell2000
TRNO,0001476150,Terreno Realty Corp,Russell2000
ZETA,0001851003,Zeta Global Holdings Corp.,Russell2000
SYRE,0001636282,"Spyre Therapeutics, Inc.",Russell2000
FSS,0000277509,Federal Signal Corp /De/,Russell2000
ZWS,0001439288,Zurn Elkay Water Solutions Corp,Russell2000
ESE,0000866706,Esco Technologies Inc,Russell2000
PLXS,0000785786,Plexus Corp,Russell2000
TEX,0000097216,Terex Corp,Russell2000
ENS,0001289308,Enersys,Russell2000
VLY,0000714310,Valley National Bancorp,Russell2000
LNTH,0001521036,"Lantheus Holdings, Inc.",Russell2000
QBTS,0001907982,D-Wave Quantum Inc.,Russell2000
MAC,0000912242,Macerich Co,Russell2000
QLYS,0001107843,"Qualys, Inc.",Russell2000
TXNM,0001108426,Txnm Energy Inc,Russell2000
GATX,0000040211,Gatx Corp,Russell2000
CIFR,0001819989,Cipher Digital Inc.,Russell2000
NPO,0001164863,Enpro Inc.,Russell2000
UBSI,0000729986,United Bankshares Inc/Wv,Russell2000
HIMS,0001773751,"Hims & Hers Health, Inc.",Russell2000
SWX,0001692115,"Southwest Gas Holdings, Inc.",Russell2000
LUMN,0000018926,"Lumen Technologies, Inc.",Russell2000
LTH,0001869198,"Life Time Group Holdings, Inc.",Russell2000
HWC,0000750577,Hancock Whitney Corp,Russell2000
CVLT,0001169561,Commvault Systems Inc,Russell2000
ANF,0001018840,Abercrombie & Fitch Co /De/,Russell2000
ORA,0001296445,"Ormat Technologies, Inc.",Russell2000
GBCI,0000868671,"Glacier Bancorp, Inc.",Russell2000
ESNT,0001448893,Essent Group Ltd.,Russell2000
VSXY,0001856437,Victoria'S Secret & Co.,Russell2000
EPRT,0001728951,"Essential Properties Realty Trust, Inc.",Russell2000
CORZ,0001839341,"Core Scientific, Inc./Tx",Russell2000
JBTM,0001433660,Jbt Marel Corp,Russell2000
LGND,0000886163,Ligand Pharmaceuticals Inc,Russell2000
KGS,0001767042,"Kodiak Gas Services, Inc.",Russell2000
CGON,0001991792,"Cg Oncology, Inc.",Russell2000
HOMB,0001331520,Home Bancshares Inc,Russell2000
MGY,0001698990,Magnolia Oil & Gas Corp,Russell2000
RYTM,0001649904,"Rhythm Pharmaceuticals, Inc.",Russell2000
FTDR,0001727263,"Frontdoor, Inc.",Russell2000
NE,0001895262,Noble Corp Plc,Russell2000
BKH,0001130464,Black Hills Corp /Sd/,Russell2000
POR,0000784977,Portland General Electric Co /Or/,Russell2000
TVTX,0001438533,"Travere Therapeutics, Inc.",Russell2000
SXT,0000310142,Sensient Technologies Corp,Russell2000
CWST,0000911177,Casella Waste Systems Inc,Russell2000
VRNS,0001361113,Varonis Systems Inc,Russell2000
RGTI,0001838359,"Rigetti Computing, Inc.",Russell2000
AUB,0000883948,Atlantic Union Bankshares Corp,Russell2000
NJR,0000356309,New Jersey Resources Corp,Russell2000
BCPC,0000009326,Balchem Corp,Russell2000
SIGI,0000230557,Selective Insurance Group Inc,Russell2000
PTCT,0001070081,"Ptc Therapeutics, Inc.",Russell2000
PI,0001114995,Impinj Inc,Russell2000
SRRK,0001727196,Scholar Rock Holding Corp,Russell2000
RIG,0001451505,Transocean Ltd.,Russell2000
AROC,0001389050,"Archrock, Inc.",Russell2000
MTRN,0001104657,Materion Corp,Russell2000
COGT,0001622229,"Cogent Biosciences, Inc.",Russell2000
ABCB,0000351569,Ameris Bancorp,Russell2000
PIPR,0001230245,Piper Sandler Companies,Russell2000
CRSP,0001674416,Crispr Therapeutics Ag,Russell2000
AGX,0000100591,Argan Inc,Russell2000
KRG,0001286043,Kite Realty Group Trust,Russell2000
CNO,0001224608,"Cno Financial Group, Inc.",Russell2000
RDNT,0000790526,"Radnet, Inc.",Russell2000
GVA,0000861459,Granite Construction Inc,Russell2000
XMTR,0001657573,"Xometry, Inc.",Russell2000
ACIW,0000935036,"Aci Worldwide, Inc.",Russell2000
MARA,0001507605,"Mara Holdings, Inc.",Russell2000
AXTI,0001051627,Axt Inc,Russell2000
MMSI,0000856982,Merit Medical Systems Inc,Russell2000
VSEC,0000102752,Vse Corp,Russell2000
SBRA,0001492298,"Sabra Health Care Reit, Inc.",Russell2000
MUR,0000717423,Murphy Oil Corp,Russell2000
GLNG,0001207179,Golar Lng Ltd,Russell2000
HAE,0000313143,Haemonetics Corp,Russell2000
UEC,0001334933,Uranium Energy Corp,Russell2000
DFTX,0001813814,"Definium Therapeutics, Inc.",Russell2000
AX,0001299709,"Axos Financial, Inc.",Russell2000
PECO,0001476204,"Phillips Edison & Company, Inc.",Russell2000
NOVT,0001076930,Novanta Inc,Russell2000
ASB,0000007789,Associated Banc-Corp,Russell2000
GTX,0001735707,Garrett Motion Inc.,Russell2000
MRCY,0001049521,Mercury Systems Inc,Russell2000
IBP,0001580905,"Installed Building Products, Inc.",Russell2000
SKY,0000090896,"Champion Homes, Inc.",Russell2000
HASI,0001561894,"Ha Sustainable Infrastructure Capital, Inc.",Russell2000
PRM,0001880319,"Perimeter Solutions, Inc.",Russell2000
NSIT,0000932696,Insight Enterprises Inc,Russell2000
OGS,0001587732,"One Gas, Inc.",Russell2000
WHD,0001699136,"Cactus, Inc.",Russell2000
SR,0001126956,Spire Inc,Russell2000
MRX,0001997464,Marex Group Ltd,Russell2000
CNX,0001070412,Cnx Resources Corp,Russell2000
HRI,0001364479,Herc Holdings Inc,Russell2000
CAKE,0000887596,Cheesecake Factory Inc,Russell2000
ORKA,0000907654,"Oruka Therapeutics, Inc.",Russell2000
BGC,0001094831,"Bgc Group, Inc.",Russell2000
HCC,0001691303,"Warrior Met Coal, Inc.",Russell2000
VAL,0000314808,Valaris Ltd,Russell2000
VCTR,0001570827,"Victory Capital Holdings, Inc.",Russell2000
LQDA,0001819576,Liquidia Corp,Russell2000
RDN,0000890926,Radian Group Inc,Russell2000
AIR,0000001750,Aar Corp,Russell2000
CSW,0001624794,"Csw Industrials, Inc.",Russell2000
OII,0000073756,Oceaneering International Inc,Russell2000
BOX,0001372612,Box Inc,Russell2000
UFPI,0000912767,Ufp Industries Inc,Russell2000
CNR,0001710366,"Core Natural Resources, Inc.",Russell2000
INSW,0001679049,"International Seaways, Inc.",Russell2000
EBC,0001810546,"Eastern Bankshares, Inc.",Russell2000
VSH,0000103730,Vishay Intertechnology Inc,Russell2000
OUT,0001579877,Outfront Media Inc.,Russell2000
DNTH,0001690585,"Dianthus Therapeutics, Inc. /De/",Russell2000
BIPC,0001788348,Brookfield Infrastructure Corp,Russell2000
ROAD,0001718227,"Construction Partners, Inc.",Russell2000
DK,0001694426,"Delek Us Holdings, Inc.",Russell2000
MYRG,0000700923,Myr Group Inc.,Russell2000
PSMT,0001041803,Pricesmart Inc,Russell2000
BCO,0000078890,Brinks Co,Russell2000
GRAL,0001699031,"Grail, Inc.",Russell2000
RUSHA,0001012019,Rush Enterprises Inc \Tx\,Russell2000
ADPT,0001478320,Adaptive Biotechnologies Corp,Russell2000
SFBS,0001430723,"Servisfirst Bancshares, Inc.",Russell2000
FULT,0000700564,Fulton Financial Corp,Russell2000
NWE,0001993004,"Northwestern Energy Group, Inc.",Russell2000
FFIN,0000036029,First Financial Bankshares Inc,Russell2000
LIVN,0001639691,Livanova Plc,Russell2000
LAUR,0000912766,"Laureate Education, Inc.",Russell2000
KLIC,0000056978,Kulicke & Soffa Industries Inc,Russell2000
MIRM,0001759425,"Mirum Pharmaceuticals, Inc.",Russell2000
BDC,0000913142,Belden Inc.,Russell2000
JOBY,0001819848,"Joby Aviation, Inc.",Russell2000
ITGR,0001114483,Integer Holdings Corp,Russell2000
URBN,0000912615,Urban Outfitters Inc,Russell2000
TDW,0000098222,Tidewater Inc,Russell2000
PTEN,0000889900,Patterson Uti Energy Inc,Russell2000
CVSA,0000730464,Covista Inc.,Russell2000
FBP,0001057706,First Bancorp /Pr/,Russell2000
CVCO,0000278166,"Cavco Industries, Inc.",Russell2000
INDV,0001625297,"Indivior Pharmaceuticals, Inc.",Russell2000
FSLY,0001517413,"Fastly, Inc.",Russell2000
TCBI,0001077428,Texas Capital Bancshares Inc/Tx,Russell2000
HNGE,0001673743,"Hinge Health, Inc.",Russell2000
MTH,0000833079,Meritage Homes Corp,Russell2000
DIOD,0000029002,Diodes Inc /Del/,Russell2000
ENVA,0001529864,"Enova International, Inc.",Russell2000
ACMR,0001680062,"Acm Research, Inc.",Russell2000
CHEF,0001517175,"Chefs' Warehouse, Inc.",Russell2000
WSFS,0000828944,Wsfs Financial Corp,Russell2000
CON,0002014596,"Concentra Group Holdings Parent, Inc.",Russell2000
PARR,0000821483,"Par Pacific Holdings, Inc.",Russell2000
ITRI,0000780571,"Itron, Inc.",Russell2000
CDP,0000860546,Copt Defense Properties,Russell2000
CRC,0001609253,California Resources Corp,Russell2000
IOVA,0001425205,"Iovance Biotherapeutics, Inc.",Russell2000
SKT,0000899715,Tanger Inc.,Russell2000
SPHR,0001795250,Sphere Entertainment Co.,Russell2000
CLMT,0002013745,"Calumet, Inc. /De",Russell2000
KFY,0000056679,Korn Ferry,Russell2000
AZZ,0000008947,Azz Inc,Russell2000
CATY,0000861842,Cathay General Bancorp,Russell2000
TENB,0001660280,"Tenable Holdings, Inc.",Russell2000
UCB,0000857855,United Community Banks Inc,Russell2000
CBT,0000016040,Cabot Corp,Russell2000
HP,0000046765,"Helmerich & Payne, Inc.",Russell2000
ONDS,0001646188,Ondas Inc.,Russell2000
SKYW,0000793733,Skywest Inc,Russell2000
TPC,0000077543,Tutor Perini Corp,Russell2000
IBOC,0000315709,International Bancshares Corp,Russell2000
MIR,0001809987,"Mirion Technologies, Inc.",Russell2000
UNF,0000717954,Unifirst Corp,Russell2000
INDB,0000776901,Independent Bank Corp,Russell2000
BMI,0000009092,Badger Meter Inc,Russell2000
STNG,0001483934,Scorpio Tankers Inc.,Russell2000
FLG,0000910073,"Flagstar Bank, National Association",Russell2000
SEI,0001697500,"Solaris Energy Infrastructure, Inc.",Russell2000
GEO,0000923796,Geo Group Inc,Russell2000
CRGY,0001866175,Crescent Energy Co,Russell2000
CNK,0001385280,"Cinemark Holdings, Inc.",Russell2000
SLG,0001040971,Sl Green Realty Corp,Russell2000
HTFL,0001464521,"Heartflow, Inc.",Russell2000
BOOT,0001610250,"Boot Barn Holdings, Inc.",Russell2000
SIG,0000832988,Signet Jewelers Ltd,Russell2000
ICUI,0000883984,Icu Medical Inc/De,Russell2000
OPCH,0001014739,"Option Care Health, Inc.",Russell2000
XENE,0001582313,Xenon Pharmaceuticals Inc.,Russell2000
CVBF,0000354647,Cvb Financial Corp,Russell2000
STEP,0001796022,Stepstone Group Inc.,Russell2000
WK,0001445305,Workiva Inc,Russell2000
BNL,0001424182,"Broadstone Net Lease, Inc.",Russell2000
AVNT,0001122976,Avient Corp,Russell2000
CECO,0000003197,Ceco Environmental Corp,Russell2000
ATMU,0001921963,Atmus Filtration Technologies Inc.,Russell2000
CLSK,0000827876,"Cleanspark, Inc.",Russell2000
PJT,0001626115,Pjt Partners Inc.,Russell2000
YOU,0001856314,"Clear Secure, Inc.",Russell2000
SYNA,0000817720,Synaptics Inc,Russell2000
GNW,0001276520,Genworth Financial Inc,Russell2000
WSBC,0000203596,Wesbanco Inc,Russell2000
TDS,0001051512,Telephone & Data Systems Inc /De/,Russell2000
RNST,0000715072,Renasant Corp,Russell2000
QTWO,0001410384,"Q2 Holdings, Inc.",Russell2000
KTB,0001760965,"Kontoor Brands, Inc.",Russell2000
MGNI,0001595974,"Magnite, Inc.",Russell2000
USAR,0001970622,"Usa Rare Earth, Inc.",Russell2000
ACHR,0001824502,Archer Aviation Inc.,Russell2000
IRTC,0001388658,"Irhythm Holdings, Inc.",Russell2000
FELE,0000038725,Franklin Electric Co Inc,Russell2000
GFF,0000050725,Griffon Corp,Russell2000
LXP,0000910108,Lxp Industrial Trust,Russell2000
OPLN,0001395942,"Openlane, Inc.",Russell2000
GHC,0000104889,Graham Holdings Co,Russell2000
DAVE,0001841408,Dave Inc./De,Russell2000
MHO,0000799292,"M/I Homes, Inc.",Russell2000
PLMR,0001761312,"Palomar Holdings, Inc.",Russell2000
ACLS,0001113232,Axcelis Technologies Inc,Russell2000
KNSA,0001730430,"Kiniksa Pharmaceuticals International, Plc",Russell2000
APLE,0001418121,"Apple Hospitality Reit, Inc.",Russell2000
IRT,0001466085,"Independence Realty Trust, Inc.",Russell2000
MC,0001596967,Moelis & Co,Russell2000
IDYA,0001676725,"Ideaya Biosciences, Inc.",Russell2000
HIW,0000921082,"Highwoods Properties, Inc.",Russell2000
OTTR,0001466593,Otter Tail Corp,Russell2000
TTAN,0001638826,"Servicetitan, Inc.",Russell2000
RELY,0001782170,"Remitly Global, Inc.",Russell2000
LMND,0001691421,"Lemonade, Inc.",Russell2000
MWA,0001350593,"Mueller Water Products, Inc.",Russell2000
VGNT,0002078008,Versigent Plc,Russell2000
ABG,0001144980,Asbury Automotive Group Inc,Russell2000
NATL,0001974138,Ncr Atleos Corp,Russell2000
ACAD,0001070494,Acadia Pharmaceuticals Inc,Russell2000
AWR,0001056903,American States Water Co,Russell2000
LRN,0001157408,"Stride, Inc.",Russell2000
VCYT,0001384101,"Veracyte, Inc.",Russell2000
AMLX,0001658551,"Amylyx Pharmaceuticals, Inc.",Russell2000
HNI,0000048287,Hni Corp,Russell2000
FFBC,0000708955,First Financial Bancorp /Oh/,Russell2000
NMIH,0001547903,"Nmi Holdings, Inc.",Russell2000
RLAY,0001812364,"Relay Therapeutics, Inc.",Russell2000
ERAS,0001761918,"Erasca, Inc.",Russell2000
NHI,0000877860,National Health Investors Inc,Russell2000
DHT,0001331284,"Dht Holdings, Inc.",Russell2000
RXO,0001929561,"Rxo, Inc.",Russell2000
DAN,0000026780,Dana Inc,Russell2000
WT,0000880631,"Wisdomtree, Inc.",Russell2000
EXPO,0000851520,Exponent Inc,Russell2000
NIC,0001174850,Nicolet Bankshares Inc,Russell2000
UCTT,0001275014,"Ultra Clean Holdings, Inc.",Russell2000
FIBK,0000860413,First Interstate Bancsystem Inc,Russell2000
SFNC,0000090498,Simmons First National Corp,Russell2000
IBRX,0001326110,"Immunitybio, Inc.",Russell2000
DORM,0000868780,"Dorman Products, Inc.",Russell2000
MSGE,0001952073,Madison Square Garden Entertainment Corp.,Russell2000
CSTM,0001563411,Constellium Se,Russell2000
TARS,0001819790,"Tarsus Pharmaceuticals, Inc.",Russell2000
SBCF,0000730708,Seacoast Banking Corp Of Florida,Russell2000
ATKR,0001666138,Atkore Inc.,Russell2000
CELC,0001603454,Celcuity Inc.,Russell2000
CBU,0000723188,"Community Financial System, Inc.",Russell2000
IMVT,0001764013,"Immunovant, Inc.",Russell2000
OSIS,0001039065,Osi Systems Inc,Russell2000
KNF,0001955520,Knife River Corp,Russell2000
ASH,0001674862,Ashland Inc.,Russell2000
UUUU,0001385849,Energy Fuels Inc,Russell2000
LGN,0002052568,Legence Corp.,Russell2000
EWTX,0001710072,"Edgewise Therapeutics, Inc.",Russell2000
CALM,0000016160,Cal-Maine Foods Inc,Russell2000
CXW,0001070985,"Corecivic, Inc.",Russell2000
SXI,0000310354,Standex International Corp/De/,Russell2000
KAI,0000886346,Kadant Inc,Russell2000
LFST,0001845257,"Lifestance Health Group, Inc.",Russell2000
CPK,0000019745,Chesapeake Utilities Corp,Russell2000
CLBK,0002115119,"Columbia Financial, Inc./Md/",Russell2000
TNGX,0001819133,"Tango Therapeutics, Inc.",Russell2000
SHOO,0000913241,"Steven Madden, Ltd.",Russell2000
AMRX,0001723128,"Amneal Pharmaceuticals, Inc.",Russell2000
BTU,0001064728,Peabody Energy Corp,Russell2000
PRK,0000805676,Park National Corp /Oh/,Russell2000
BKU,0001504008,"Bankunited, Inc.",Russell2000
KN,0001587523,Knowles Corp,Russell2000
DX,0000826675,Dynex Capital Inc,Russell2000
BWIN,0001781755,"Baldwin Insurance Group, Inc.",Russell2000
CWK,0001628369,Cushman & Wakefield Ltd.,Russell2000
AEHR,0001040470,Aehr Test Systems,Russell2000
AVA,0000104918,Avista Corp,Russell2000
SMR,0001822966,Nuscale Power Corp,Russell2000
LBRT,0001694028,Liberty Energy Inc.,Russell2000
ASO,0001817358,"Academy Sports & Outdoors, Inc.",Russell2000
CURB,0002027317,Curbline Properties Corp.,Russell2000
PII,0000931015,Polaris Inc.,Russell2000
NEOG,0000711377,Neogen Corp,Russell2000
DNLI,0001714899,Denali Therapeutics Inc.,Russell2000
SPSC,0001092699,Sps Commerce Inc,Russell2000
MMS,0001032220,"Maximus, Inc.",Russell2000
TMDX,0001756262,"Transmedics Group, Inc.",Russell2000
ARQT,0001787306,"Arcutis Biotherapeutics, Inc.",Russell2000
BELFB,0000729580,Bel Fuse Inc /Nj,Russell2000
MIAX,0001438472,"Miami International Holdings, Inc.",Russell2000
GPI,0001031203,Group 1 Automotive Inc,Russell2000
CLDX,0000744218,"Celldex Therapeutics, Inc.",Russell2000
SDRL,0001737706,Seadrill Ltd,Russell2000
EXTR,0001078271,Extreme Networks Inc,Russell2000
KNTK,0001692787,Kinetik Holdings Inc.,Russell2000
ABM,0000771497,Abm Industries Inc /De/,Russell2000
AMBA,0001280263,Ambarella Inc,Russell2000
CWT,0001035201,California Water Service Group,Russell2000
NVTS,0001821769,Navitas Semiconductor Corp,Russell2000
NHC,0001047335,National Healthcare Corp,Russell2000
ARCB,0000894405,Arcbest Corp /Tx/,Russell2000
ATRC,0001323885,"Atricure, Inc.",Russell2000
PFS,0001178970,Provident Financial Services Inc,Russell2000
VAC,0001524358,Marriott Vacations Worldwide Corp,Russell2000
KBH,0000795266,Kb Home,Russell2000
DBRG,0001679688,"Digitalbridge Group, Inc.",Russell2000
LEU,0001065059,Centrus Energy Corp,Russell2000
PK,0001617406,Park Hotels & Resorts Inc.,Russell2000
WAY,0001990354,Waystar Holding Corp.,Russell2000
AAMI,0001748824,Acadian Asset Management Inc.,Russell2000
PLUG,0001093691,Plug Power Inc,Russell2000
DNOW,0001599617,Dnow Inc.,Russell2000
ADEA,0001803696,Adeia Inc.,Russell2000
COHU,0000021535,Cohu Inc,Russell2000
ELVN,0001672619,"Enliven Therapeutics, Inc.",Russell2000
NTCT,0001078075,Netscout Systems Inc,Russell2000
MCY,0000064996,Mercury General Corp,Russell2000
FIVN,0001288847,"Five9, Inc.",Russell2000
TDC,0000816761,Teradata Corp /De/,Russell2000
UNFI,0001020859,United Natural Foods Inc,Russell2000
COCO,0001482981,"Vita Coco Company, Inc.",Russell2000
BHE,0000863436,Benchmark Electronics Inc,Russell2000
CDNA,0001217234,"Caredx, Inc.",Russell2000
PENG,0001616533,"Penguin Solutions, Inc.",Russell2000
BULL,0001866364,Webull Corp,Russell2000
POWI,0000833640,Power Integrations Inc,Russell2000
FRSH,0001544522,Freshworks Inc.,Russell2000
BOH,0000046195,Bank Of Hawaii Corp,Russell2000
MGEE,0001161728,Mge Energy Inc,Russell2000
FBK,0001649749,Fb Financial Corp,Russell2000
MGRC,0000752714,Mcgrath Rentcorp,Russell2000
CENX,0000949157,Century Aluminum Co,Russell2000
DGII,0000854775,Digi International Inc,Russell2000
FUL,0000039368,Fuller H B Co,Russell2000
RDW,0001819810,Redwire Corp,Russell2000
BKD,0001332349,Brookdale Senior Living Inc.,Russell2000
BCC,0001328581,Boise Cascade Co,Russell2000
AKR,0000899629,Acadia Realty Trust,Russell2000
VECO,0000103145,Veeco Instruments Inc,Russell2000
NBTB,0000790359,Nbt Bancorp Inc,Russell2000
CBZ,0000944148,"Cbiz, Inc.",Russell2000
ACHC,0001520697,"Acadia Healthcare Company, Inc.",Russell2000
MAN,0000871763,Manpowergroup Inc.,Russell2000
IMNM,0001472012,Immunome Inc.,Russell2000
AGYS,0000078749,Agilysys Inc,Russell2000
DYN,0001818794,"Dyne Therapeutics, Inc.",Russell2000
TRMK,0000036146,Trustmark Corp,Russell2000
AMC,0001411579,"Amc Entertainment Holdings, Inc.",Russell2000
UE,0001611547,Urban Edge Properties,Russell2000
PURR,0002078856,Hyperliquid Strategies Inc,Russell2000
WDFC,0000105132,Wd 40 Co,Russell2000
BETA,0001784570,"Beta Technologies, Inc.",Russell2000
BANC,0001169770,"Banc Of California, Inc.",Russell2000
FBNC,0000811589,First Bancorp /Nc/,Russell2000
BATRK,0001958140,"Atlanta Braves Holdings, Inc.",Russell2000
SOUN,0001840856,"Soundhound Ai, Inc.",Russell2000
REZI,0001740332,"Resideo Technologies, Inc.",Russell2000
NOG,0001104485,"Northern Oil & Gas, Inc.",Russell2000
DRH,0001298946,Diamondrock Hospitality Co,Russell2000
ALRM,0001459200,"Alarm.Com Holdings, Inc.",Russell2000
FRME,0000712534,First Merchants Corp,Russell2000
VC,0001111335,Visteon Corp,Russell2000
FCPT,0001650132,"Four Corners Property Trust, Inc.",Russell2000
HURN,0001289848,Huron Consulting Group Inc.,Russell2000
OPEN,0001801169,Opendoor Technologies Inc.,Russell2000
AAP,0001158449,Advance Auto Parts Inc,Russell2000
OUST,0001816581,"Ouster, Inc.",Russell2000
NEO,0001077183,Neogenomics Inc,Russell2000
JOE,0000745308,St Joe Co,Russell2000
BEAM,0001745999,Beam Therapeutics Inc.,Russell2000
CARG,0001494259,"Cargurus, Inc.",Russell2000
KALU,0000811596,Kaiser Aluminum Corp,Russell2000
PLUS,0001022408,Eplus Inc,Russell2000
CUBI,0001488813,"Customers Bancorp, Inc.",Russell2000
IMAX,0000921582,Imax Corp,Russell2000
GPOR,0000874499,Gulfport Energy Corp,Russell2000
MANE,0001827635,"Veradermics, Inc",Russell2000
NTB,0001653242,Bank Of N.T. Butterfield & Son Ltd,Russell2000
KEEL,0001812477,Keel Infrastructure Corp.,Russell2000
AEO,0000919012,American Eagle Outfitters Inc,Russell2000
DXPE,0001020710,Dxp Enterprises Inc,Russell2000
HWKN,0000046250,Hawkins Inc,Russell2000
AXGN,0000805928,"Axogen, Inc.",Russell2000
VVX,0001601548,"V2X, Inc.",Russell2000
NRIX,0001549595,"Nurix Therapeutics, Inc.",Russell2000
BUSE,0000314489,First Busey Corp /Nv/,Russell2000
TNK,0001419945,Teekay Tankers Ltd.,Russell2000
RSI,0001793659,"Rush Street Interactive, Inc.",Russell2000
BRZE,0001676238,"Braze, Inc.",Russell2000
BBT,0001108134,Beacon Financial Corp,Russell2000
RRR,0001653653,"Red Rock Resorts, Inc.",Russell2000
NGVT,0001653477,Ingevity Corp,Russell2000
WRBY,0001504776,Warby Parker Inc.,Russell2000
NWL,0000814453,Newell Brands Inc.,Russell2000
APAM,0001517302,Artisan Partners Asset Management Inc.,Russell2000
WTTR,0001693256,"Select Water Solutions, Inc.",Russell2000
SUPN,0001356576,"Supernus Pharmaceuticals, Inc.",Russell2000
BANF,0000760498,Bancfirst Corp /Ok/,Russell2000
DCO,0000030305,Ducommun Inc /De/,Russell2000
ROG,0000084748,Rogers Corp,Russell2000
PRVA,0001759655,"Privia Health Group, Inc.",Russell2000
CALY,0000837465,Callaway Golf Co,Russell2000
WAFD,0000936528,Wafd Inc,Russell2000
IVT,0001307748,Inventrust Properties Corp.,Russell2000
BANR,0000946673,Banner Corp,Russell2000
LION,0002052959,Lionsgate Studios Corp.,Russell2000
RCUS,0001724521,"Arcus Biosciences, Inc.",Russell2000
PHIN,0001968915,Phinia Inc.,Russell2000
NG,0001173420,Novagold Resources Inc,Russell2000
ANDE,0000821026,"Andersons, Inc.",Russell2000
NWBI,0001471265,"Northwest Bancshares, Inc.",Russell2000
CXT,0000025445,"Crane Nxt, Co.",Russell2000
IOSP,0001054905,Innospec Inc.,Russell2000
NKTR,0000906709,Nektar Therapeutics,Russell2000
EFSC,0001025835,Enterprise Financial Services Corp,Russell2000
KMT,0000055242,Kennametal Inc,Russell2000
SLS,0001390478,"Sellas Life Sciences Group, Inc.",Russell2000
GOLF,0001672013,Acushnet Holdings Corp.,Russell2000
HLIO,0001024795,"Helios Technologies, Inc.",Russell2000
ASST,0001920406,"Strive, Inc.",Russell2000
NAVN,0001639723,"Navan, Inc.",Russell2000
OSW,0001758488,Onespaworld Holdings Ltd,Russell2000
RAMP,0000733269,"Liveramp Holdings, Inc.",Russell2000
TRN,0000099780,Trinity Industries Inc,Russell2000
STNE,0001745431,Stoneco Ltd.,Russell2000
GPGI,0001823144,"Gpgi, Inc.",Russell2000
LASR,0001124796,"Nlight, Inc.",Russell2000
SHAK,0001620533,Shake Shack Inc.,Russell2000
PATK,0000076605,Patrick Industries Inc,Russell2000
UPST,0001647639,"Upstart Holdings, Inc.",Russell2000
PBH,0001295947,Prestige Consumer Healthcare Inc.,Russell2000
CC,0001627223,Chemours Co,Russell2000
AVPT,0001777921,"Avepoint, Inc.",Russell2000
HTO,0000766829,H2O America,Russell2000
LTC,0000887905,Ltc Properties Inc,Russell2000
ATRO,0000008063,Astronics Corp,Russell2000
BFH,0001101215,"Bread Financial Holdings, Inc.",Russell2000
NCNO,0001902733,"Ncino, Inc.",Russell2000
LUNR,0001844452,"Intuitive Machines, Inc.",Russell2000
INSP,0001609550,"Inspire Medical Systems, Inc.",Russell2000
VERA,0001831828,"Vera Therapeutics, Inc.",Russell2000
ADMA,0001368514,"Adma Biologics, Inc.",Russell2000
CNS,0001284812,"Cohen & Steers, Inc.",Russell2000
OFG,0001030469,Ofg Bancorp,Russell2000
SKWD,0001519449,"Skyward Specialty Insurance Group, Inc.",Russell2000
FCF,0000712537,First Commonwealth Financial Corp /Pa/,Russell2000
KWR,0000081362,Quaker Chemical Corp,Russell2000
ARR,0001428205,"Armour Residential Reit, Inc.",Russell2000
BXMT,0001061630,"Blackstone Mortgage Trust, Inc.",Russell2000
VRDN,0001590750,"Viridian Therapeutics, Inc.\De",Russell2000
LCII,0000763744,Lci Industries,Russell2000
HGV,0001674168,Hilton Grand Vacations Inc.,Russell2000
OCUL,0001393434,"Ocular Therapeutix, Inc",Russell2000
UFPT,0000914156,Ufp Technologies Inc,Russell2000
LPG,0001596993,Dorian Lpg Ltd.,Russell2000
ADUS,0001468328,Addus Homecare Corp,Russell2000
NMRK,0001690680,"Newmark Group, Inc.",Russell2000
ECPG,0001084961,Encore Capital Group Inc,Russell2000
MD,0000893949,"Pediatrix Medical Group, Inc.",Russell2000
WERN,0000793074,Werner Enterprises Inc,Russell2000
PRLB,0001443669,Proto Labs Inc,Russell2000
CRVL,0000874866,Corvel Corp,Russell2000
SYBT,0000835324,"Stock Yards Bancorp, Inc.",Russell2000
HCI,0001400810,"Hci Group, Inc.",Russell2000
AGM,0000845877,Federal Agricultural Mortgage Corp,Russell2000
IPAR,0000822663,Interparfums Inc,Russell2000
TALO,0001724965,Talos Energy Inc.,Russell2000
SRPT,0000873303,"Sarepta Therapeutics, Inc.",Russell2000
FLYW,0001580560,Flywire Corp,Russell2000
PEB,0001474098,Pebblebrook Hotel Trust,Russell2000
PENN,0000921738,"Penn Entertainment, Inc.",Russell2000
MTX,0000891014,Minerals Technologies Inc,Russell2000
RUN,0001469367,Sunrun Inc.,Russell2000
NWN,0001733998,Northwest Natural Holding Co,Russell2000
PAY,0001841156,"Paymentus Holdings, Inc.",Russell2000
CALX,0001406666,"Calix, Inc",Russell2000
SGHC,0001878057,Super Group (Sghc) Ltd,Russell2000
PTON,0001639825,"Peloton Interactive, Inc.",Russell2000
GEF,0000043920,"Greif, Inc",Russell2000
GRBK,0001373670,"Green Brick Partners, Inc.",Russell2000
MZTI,0000057515,Marzetti Co,Russell2000
RXRX,0001601830,"Recursion Pharmaceuticals, Inc.",Russell2000
PPTA,0001526243,Perpetua Resources Corp.,Russell2000
VCEL,0000887359,Vericel Corp,Russell2000
TBBK,0001295401,"Bancorp, Inc.",Russell2000
SHO,0001295810,"Sunstone Hotel Investors, Inc.",Russell2000
HMN,0000850141,Horace Mann Educators Corp /De/,Russell2000
PRDO,0001046568,Perdoceo Education Corp,Russell2000
TILE,0000715787,Interface Inc,Russell2000
SBET,0001981535,"Sharplink, Inc.",Russell2000
AGIO,0001439222,"Agios Pharmaceuticals, Inc.",Russell2000
NESR,0001698514,National Energy Services Reunited Corp.,Russell2000
RH,0001528849,Rh,Russell2000
PFSI,0001745916,"Pennymac Financial Services, Inc.",Russell2000
PRGO,0001585364,Perrigo Co Plc,Russell2000
AUPH,0001600620,Aurinia Pharmaceuticals Inc.,Russell2000
INTA,0001565687,"Intapp, Inc.",Russell2000
SPB,0000109177,"Spectrum Brands Holdings, Inc.",Russell2000
ICHR,0001652535,"Ichor Holdings, Ltd.",Russell2000
PGNY,0001551306,"Progyny, Inc.",Russell2000
ALGT,0001362468,Allegiant Travel Co,Russell2000
PACS,0002001184,"Pacs Group, Inc.",Russell2000
BCRX,0000882796,Biocryst Pharmaceuticals Inc,Russell2000
WGS,0001818331,Genedx Holdings Corp.,Russell2000
STC,0000094344,Stewart Information Services Corp,Russell2000
INOD,0000903651,Innodata Inc,Russell2000
KSS,0000885639,Kohls Corp,Russell2000
VOYG,0001788060,"Voyager Technologies, Inc./Tx",Russell2000
ATEN,0001580808,"A10 Networks, Inc.",Russell2000
ZD,0001084048,"Ziff Davis, Inc.",Russell2000
SONO,0001314727,Sonos Inc,Russell2000
SPNT,0001576018,Siriuspoint Ltd,Russell2000
IRON,0001816736,"Disc Medicine, Inc.",Russell2000
XRAY,0000818479,Dentsply Sirona Inc.,Russell2000
FTRE,0001965040,Fortrea Holdings Inc.,Russell2000
NNI,0001258602,Nelnet Inc,Russell2000
SEZL,0001662991,Sezzle Inc.,Russell2000
HUBG,0000940942,"Hub Group, Inc.",Russell2000
CLOV,0001801170,"Clover Health Investments, Corp. /De",Russell2000
CHCO,0000726854,City Holding Co,Russell2000
PAYO,0001845815,Payoneer Global Inc.,Russell2000
HRMY,0001802665,"Harmony Biosciences Holdings, Inc.",Russell2000
BHVN,0001935979,Biohaven Ltd.,Russell2000
MBX,0001776111,"Mbx Biosciences, Inc.",Russell2000
HAPN,0001409970,"Happen, Inc.",Russell2000
AMR,0001704715,"Alpha Metallurgical Resources, Inc.",Russell2000
FA,0001210677,First Advantage Corp,Russell2000
TNET,0000937098,"Trinet Group, Inc.",Russell2000
BLBD,0001589526,Blue Bird Corp,Russell2000
DXC,0001688568,Dxc Technology Co,Russell2000
NSP,0001000753,"Insperity, Inc.",Russell2000
BXDC,0002100161,Blackstone Digital Infrastructure Trust Inc.,Russell2000
WLY,0000107140,"John Wiley & Sons, Inc.",Russell2000
QUBT,0001758009,Quantum Computing Inc.,Russell2000
DV,0001819928,"Doubleverify Holdings, Inc.",Russell2000
GNL,0001526113,"Global Net Lease, Inc.",Russell2000
GABC,0000714395,"German American Bancorp, Inc.",Russell2000
URGN,0001668243,Urogen Pharma Ltd.,Russell2000
ESTA,0001688757,Establishment Labs Holdings Inc.,Russell2000
PVLA,0001583648,"Palvella Therapeutics, Inc.",Russell2000
NTST,0001798100,Netstreit Corp.,Russell2000
DHC,0001075415,Diversified Healthcare Trust,Russell2000
WOR,0000108516,"Worthington Enterprises, Inc.",Russell2000
EPAC,0000006955,Enerpac Tool Group Corp,Russell2000
FLY,0001860160,Firefly Aerospace Inc.,Russell2000
WKC,0000789460,World Kinect Corp,Russell2000
CTRI,0001981599,"Centuri Holdings, Inc.",Russell2000
SMA,0001585389,"Smartstop Self Storage Reit, Inc.",Russell2000
BTDR,0001899123,Bitdeer Technologies Group,Russell2000
ACVA,0001637873,Acv Auctions Inc.,Russell2000
PDFS,0001120914,Pdf Solutions Inc,Russell2000
BFLY,0001804176,"Butterfly Network, Inc.",Russell2000
BBUC,0001654795,Brookfield Business Corp,Russell2000
EVTC,0001559865,"Evertec, Inc.",Russell2000
TIC,0002032966,"Tic Solutions, Inc.",Russell2000
NVCR,0001645113,Novocure Ltd,Russell2000
SDGR,0001490978,"Schrodinger, Inc.",Russell2000
PAGS,0001712807,Pagseguro Digital Ltd.,Russell2000
GTY,0001052752,Getty Realty Corp /Md/,Russell2000
STBA,0000719220,S&T Bancorp Inc,Russell2000
XNCR,0001326732,Xencor Inc,Russell2000
ALG,0000897077,Alamo Group Inc,Russell2000
STRA,0001013934,"Strategic Education, Inc.",Russell2000
MLYS,0001933414,"Mineralys Therapeutics, Inc.",Russell2000
NBHC,0001475841,National Bank Holdings Corp,Russell2000
LMAT,0001158895,Lemaitre Vascular Inc,Russell2000
AIN,0000819793,Albany International Corp /De/,Russell2000
HOPE,0001128361,Hope Bancorp Inc,Russell2000
PLAB,0000810136,Photronics Inc,Russell2000
XHR,0001616000,"Xenia Hotels & Resorts, Inc.",Russell2000
ALHC,0001832466,"Alignment Healthcare, Inc.",Russell2000
DCOM,0000846617,"Dime Commercial Bancshares, Inc. /Ny/",Russell2000
NTLA,0001652130,"Intellia Therapeutics, Inc.",Russell2000
SFL,0001289877,Sfl Corp Ltd.,Russell2000
PRCH,0001784535,"Porch Group, Inc.",Russell2000
CTS,0000026058,Cts Corp,Russell2000
PRGS,0000876167,Progress Software Corp /Ma,Russell2000
CENTA,0000887733,Central Garden & Pet Co,Russell2000
IIPR,0001677576,Innovative Industrial Properties Inc,Russell2000
NAT,0001000177,Nordic American Tankers Ltd,Russell2000
CPRI,0001530721,Capri Holdings Ltd,Russell2000
SLDE,0001886428,"Slide Insurance Holdings, Inc.",Russell2000
QCRH,0000906465,Qcr Holdings Inc,Russell2000
ALNT,0000046129,Allient Inc,Russell2000
OBK,0001516912,"Origin Bancorp, Inc.",Russell2000
TCBK,0000356171,Trico Bancshares /,Russell2000
BLX,0000890541,"Bladex, Inc.",Russell2000
TRVI,0001563880,"Trevi Therapeutics, Inc.",Russell2000
BAND,0001514416,Bandwidth Inc.,Russell2000
HE,0000354707,Hawaiian Electric Industries Inc,Russell2000
WWW,0000110471,Wolverine World Wide Inc /De/,Russell2000
UNIT,0002020795,Uniti Group Inc.,Russell2000
ANIP,0001023024,Ani Pharmaceuticals Inc,Russell2000
CVI,0001376139,Cvr Energy Inc,Russell2000
SNDX,0001395937,Syndax Pharmaceuticals Inc,Russell2000
BLFS,0000834365,Biolife Solutions Inc,Russell2000
NVAX,0001000694,Novavax Inc,Russell2000
AI,0001577526,"C3.Ai, Inc.",Russell2000
HG,0001593275,"Hamilton Insurance Group, Ltd.",Russell2000
INVA,0001080014,"Innoviva, Inc.",Russell2000
CASH,0000907471,"Pathward Financial, Inc.",Russell2000
NN,0001865631,Nextnav Inc.,Russell2000
GLOB,0001557860,Globant S.A.,Russell2000
SRCE,0000034782,1St Source Corp,Russell2000
JBLU,0001158463,Jetblue Airways Corp,Russell2000
GRC,0000042682,Gorman Rupp Co,Russell2000
HTH,0001265131,Hilltop Holdings Inc.,Russell2000
EFC,0001411342,Ellington Financial Inc.,Russell2000
KOS,0001509991,Kosmos Energy Ltd.,Russell2000
CNOB,0000712771,"Connectone Bancorp, Inc.",Russell2000
SBH,0001368458,"Sally Beauty Holdings, Inc.",Russell2000
CCS,0001576940,"Century Communities, Inc.",Russell2000
ICFI,0001362004,"Icf International, Inc.",Russell2000
STOK,0001623526,"Stoke Therapeutics, Inc.",Russell2000
BFC,0001746109,Bank First Corp,Russell2000
BLKB,0001280058,Blackbaud Inc,Russell2000
KMPR,0000860748,Kemper Corp,Russell2000
OCFC,0001004702,Oceanfirst Financial Corp,Russell2000
SAFT,0001172052,Safety Insurance Group Inc,Russell2000
INFQ,0002007825,"Infleqtion, Inc.",Russell2000
NUVB,0001811063,Nuvation Bio Inc.,Russell2000
ASTH,0001083446,"Astrana Health, Inc.",Russell2000
APPN,0001441683,Appian Corp,Russell2000
PBI,0000078814,Pitney Bowes Inc /De/,Russell2000
XERS,0001867096,"Xeris Biopharma Holdings, Inc.",Russell2000
RLJ,0001511337,Rlj Lodging Trust,Russell2000
HUN,0001307954,Huntsman Corp,Russell2000
PGEN,0001356090,"Precigen, Inc.",Russell2000
VIR,0001706431,"Vir Biotechnology, Inc.",Russell2000
DJT,0001849635,Trump Media & Technology Group Corp.,Russell2000
HCSG,0000731012,Healthcare Services Group Inc,Russell2000
OMCL,0000926326,"Omnicell, Inc.",Russell2000
ETON,0001710340,"Eton Pharmaceuticals, Inc.",Russell2000
ABSI,0001672688,Absci Corp,Russell2000
LKFN,0000721994,Lakeland Financial Corp,Russell2000
AMBQ,0001500412,"Ambiq Micro, Inc.",Russell2000
MCRI,0000907242,Monarch Casino & Resort Inc,Russell2000
DBD,0000028823,"Diebold Nixdorf, Inc",Russell2000
GCT,0001857816,Gigacloud Technology Inc,Russell2000
EOSE,0001805077,"Eos Energy Enterprises, Inc.",Russell2000
GT,0000042582,Goodyear Tire & Rubber Co /Oh/,Russell2000
VISN,0001517228,"Vistance Networks, Inc.",Russell2000
ADIG,0002105139,Adi Global Distribution Inc.,Russell2000
TFIN,0001539638,"Triumph Financial, Inc.",Russell2000
ARLO,0001736946,"Arlo Technologies, Inc.",Russell2000
AMSC,0000880807,American Superconductor Corp /De/,Russell2000
BBAI,0001836981,"Bigbear.Ai Holdings, Inc.",Russell2000
ADNT,0001670541,Adient Plc,Russell2000
DCH,0001062231,Dauch Corp,Russell2000
PBLS,0001657677,"Parabilis Medicines, Inc.",Russell2000
PRG,0001808834,"Prog Holdings, Inc.",Russell2000
AZTA,0000933974,"Azenta, Inc.",Russell2000
LIND,0001512499,"Lindblad Expeditions Holdings, Inc.",Russell2000
CNXC,0001803599,Concentrix Corp,Russell2000
ACT,0001823529,"Enact Holdings, Inc.",Russell2000
RARE,0001515673,Ultragenyx Pharmaceutical Inc.,Russell2000
HLMN,0001822492,Hillman Solutions Corp.,Russell2000
MQ,0001522540,"Marqeta, Inc.",Russell2000
MLKN,0000066382,"Millerknoll, Inc.",Russell2000
BL,0001666134,"Blackline, Inc.",Russell2000
LOB,0001462120,"Live Oak Bancshares, Inc.",Russell2000
GRDN,0001802255,"Guardian Pharmacy Services, Inc.",Russell2000
PEBO,0000318300,Peoples Bancorp Inc,Russell2000
WABC,0000311094,Westamerica Bancorporation,Russell2000
CNMD,0000816956,Conmed Corp,Russell2000
MBC,0001941365,"Masterbrand, Inc.",Russell2000
TMP,0001005817,Tompkins Financial Corp,Russell2000
GENI,0001834489,Genius Sports Ltd,Russell2000
ALH,0001317685,Alliance Laundry Holdings Inc.,Russell2000
CMPR,0001262976,Cimpress Plc,Russell2000
APPS,0000317788,"Digital Turbine, Inc.",Russell2000
XPRO,0002126198,Expro Ltd,Russell2000
SCL,0000094049,Stepan Co,Russell2000
EFOR,0000890564,Everforth Inc,Russell2000
ENR,0001632790,"Energizer Holdings, Inc.",Russell2000
SHLS,0001831651,"Shoals Technologies Group, Inc.",Russell2000
VIA,0001603015,"Via Transportation, Inc.",Russell2000
AMN,0001142750,Amn Healthcare Services Inc,Russell2000
TSHA,0001806310,"Taysha Gene Therapies, Inc.",Russell2000
DLO,0001846832,Dlocal Ltd,Russell2000
STUB,0001337634,"Stubhub Holdings, Inc.",Russell2000
MBIN,0001629019,Merchants Bancorp,Russell2000
OMER,0001285819,Omeros Corp,Russell2000
BKE,0000885245,Buckle Inc,Russell2000
DEI,0001364250,Douglas Emmett Inc,Russell2000
VSTS,0001967649,Vestis Corp,Russell2000
PNTG,0001766400,"Pennant Group, Inc.",Russell2000
AMPX,0001899287,"Amprius Technologies, Inc.",Russell2000
RUM,0001830081,Rum Group Inc.,Russell2000
GBX,0000923120,Greenbrier Companies Inc,Russell2000
SAM,0000949870,Boston Beer Co Inc,Russell2000
FMC,0000037785,Fmc Corp,Russell2000
WD,0001497770,"Walker & Dunlop, Inc.",Russell2000
EYE,0001710155,"National Vision Holdings, Inc.",Russell2000
TRAX,0002091349,"First Tracks Biotherapeutics, Inc.",Russell2000
AMPL,0001866692,"Amplitude, Inc.",Russell2000
PLGO,0001636639,Pelagos Insurance Capital Ltd,Russell2000
CGEM,0001789972,"Cullinan Therapeutics, Inc.",Russell2000
UMH,0000752642,"Umh Properties, Inc.",Russell2000
ORC,0001518621,"Orchid Island Capital, Inc.",Russell2000
KOD,0001468748,Kodiak Sciences Inc.,Russell2000
INVX,0001042893,"Innovex International, Inc.",Russell2000
CTBI,0000350852,Community Trust Bancorp Inc /Ky/,Russell2000
REX,0000744187,Rex American Resources Corp,Russell2000
EPC,0001096752,Edgewell Personal Care Co,Russell2000
OSBC,0000357173,Old Second Bancorp Inc,Russell2000
PUMP,0001680247,Propetro Holding Corp.,Russell2000
ATEC,0001350653,"Alphatec Holdings, Inc.",Russell2000
USLM,0000082020,United States Lime & Minerals Inc,Russell2000
ROCK,0000912562,"Gibraltar Industries, Inc.",Russell2000
SLVM,0001856485,Sylvamo Corp,Russell2000
FIGS,0001846576,"Figs, Inc.",Russell2000
USPH,0000885978,U S Physical Therapy Inc /Nv,Russell2000
FSUN,0001709442,Firstsun Capital Bancorp,Russell2000
HLIT,0000851310,Harmonic Inc.,Russell2000
HLF,0001180262,Herbalife Ltd.,Russell2000
IMKTA,0000050493,Ingles Markets Inc,Russell2000
NSSC,0000069633,"Napco Security Technologies, Inc",Russell2000
ZYME,0001937653,Zymeworks Inc.,Russell2000
TNDM,0001438133,Tandem Diabetes Care Inc,Russell2000
FMBH,0000700565,"First Mid Bancshares, Inc.",Russell2000
NBR,0001163739,Nabors Industries Ltd,Russell2000
RAPP,0002012593,"Rapport Therapeutics, Inc.",Russell2000
UVSP,0000102212,Univest Financial Corp,Russell2000
GSHD,0001726978,"Goosehead Insurance, Inc.",Russell2000
BHRB,0001964333,Burke & Herbert Financial Services Corp.,Russell2000
HFWA,0001046025,Heritage Financial Corp /Wa/,Russell2000
GBTG,0001820872,"Global Business Travel Group, Inc.",Russell2000
XPEL,0001767258,"Xpel, Inc.",Russell2000
WLDN,0001370450,"Willdan Group, Inc.",Russell2000
FUN,0001999001,Six Flags Entertainment Corporation/New,Russell2000
HOG,0000793952,"Harley-Davidson, Inc.",Russell2000
UFCS,0000101199,United Fire Group Inc,Russell2000
IE,0001879016,Ivanhoe Electric Inc.,Russell2000
BJRI,0001013488,Bjs Restaurants Inc,Russell2000
ALKT,0001529274,"Alkami Technology, Inc.",Russell2000
WMK,0000105418,Weis Markets Inc,Russell2000
MYE,0000069488,Myers Industries Inc,Russell2000
DFIN,0001669811,"Donnelley Financial Solutions, Inc.",Russell2000
PSNL,0001527753,"Personalis, Inc.",Russell2000
BY,0001702750,"Byline Bancorp, Inc.",Russell2000
LZB,0000057131,La-Z-Boy Inc,Russell2000
JJSF,0000785956,J&J Snack Foods Corp,Russell2000
PDM,0001042776,"Piedmont Realty Trust, Inc.",Russell2000
COUR,0001651562,"Coursera, Inc.",Russell2000
NEXT,0001612720,Nextdecade Corp,Russell2000
SCSC,0000918965,"Scansource, Inc.",Russell2000
ZBIO,0001953926,"Zenas Biopharma, Inc.",Russell2000
LNN,0000836157,Lindsay Corp,Russell2000
AVAH,0001832332,"Aveanna Healthcare Holdings, Inc.",Russell2000
THRM,0000903129,Gentherm Inc,Russell2000
TPB,0001290677,"Turning Point Brands, Inc.",Russell2000
ARX,0001997350,Accelerant Holdings,Russell2000
HOS,0000866829,"Hornbeck Offshore Services, Inc.",Russell2000
FLO,0001128928,Flowers Foods Inc,Russell2000
IDT,0001005731,Idt Corp,Russell2000
TDOC,0001477449,"Teladoc Health, Inc.",Russell2000
ECVT,0001708035,Ecovyst Inc.,Russell2000
UVE,0000891166,"Universal Insurance Holdings, Inc.",Russell2000
HYMC,0001718405,Hycroft Mining Holding Corp,Russell2000
AVBP,0001868279,"Arrivent Biopharma, Inc.",Russell2000
WS,0001968487,"Worthington Steel, Inc.",Russell2000
TNC,0000097134,Tennant Co,Russell2000
CRI,0001060822,Carters Inc,Russell2000
AAT,0001500217,"American Assets Trust, Inc.",Russell2000
VTOL,0001525221,Bristow Group Inc.,Russell2000
UVV,0000102037,Universal Corp /Va/,Russell2000
ANAB,0001370053,"Anaptysbio, Inc",Russell2000
UMAC,0001956955,"Unusual Machines, Inc.",Russell2000
MNKD,0000899460,Mannkind Corp,Russell2000
NP,0002067129,Neptune Insurance Holdings Inc.,Russell2000
AESI,0001984060,Atlas Energy Solutions Inc.,Russell2000
AGL,0001831097,"Agilon Health, Inc.",Russell2000
HROW,0001360214,"Harrow, Inc.",Russell2000
DLX,0000027996,Deluxe Corp,Russell2000
LADR,0001577670,Ladder Capital Corp,Russell2000
SGRY,0001638833,"Surgery Partners, Inc.",Russell2000
WEN,0000030697,Wendy'S Co,Russell2000
REAL,0001573221,"Therealreal, Inc.",Russell2000
CBL,0000910612,Cbl & Associates Properties Inc,Russell2000
DMRA,0001800315,"Damora Therapeutics, Inc.",Russell2000
SNDA,0001043000,"Sonida Senior Living, Inc.",Russell2000
PD,0001568100,"Pagerduty, Inc.",Russell2000
AORT,0000784199,"Artivion, Inc.",Russell2000
BW,0001630805,"Babcock & Wilcox Enterprises, Inc.",Russell2000
RYZ,0001481582,Ryerson Holding Corp,Russell2000
MBWM,0001042729,Mercantile Bank Corp,Russell2000
INBX,0002007919,"Inhibrx Biosciences, Inc.",Russell2000
CFFN,0001490906,"Capitol Federal Financial, Inc.",Russell2000
VYX,0000070866,Ncr Voyix Corp,Russell2000
PLPC,0000080035,Preformed Line Products Co,Russell2000
IART,0000917520,Integra Lifesciences Holdings Corp,Russell2000
BORR,0001715497,Borr Drilling Ltd,Russell2000
PTRN,0001811935,Pattern Group Inc.,Russell2000
BRBR,0001772016,"Bellring Brands, Inc.",Russell2000
GO,0001771515,Grocery Outlet Holding Corp.,Russell2000
CRK,0000023194,Comstock Resources Inc,Russell2000
CSTL,0001447362,Castle Biosciences Inc,Russell2000
UTZ,0001739566,"Utz Brands, Inc.",Russell2000
DEA,0001622194,"Easterly Government Properties, Inc.",Russell2000
DOLE,0001857475,Dole Plc,Russell2000
HZO,0001057060,Marinemax Inc,Russell2000
CSQR,0002105398,"Csquare, Inc.",Russell2000
LILAK,0001712184,Liberty Latin America Ltd.,Russell2000
DMC,0001047340,Del Monte Corp,Russell2000
ENOV,0001420800,Enovis Corp,Russell2000
BRSL,0001619762,Brightstar Lottery Plc,Russell2000
TH,0001712189,Target Hospitality Corp.,Russell2000
REPL,0001737953,"Replimune Group, Inc.",Russell2000
PRCT,0001588978,Procept Biorobotics Corp,Russell2000
GPRE,0001309402,Green Plains Inc.,Russell2000
LGIH,0001580670,"Lgi Homes, Inc.",Russell2000
CRAI,0001053706,"Cra International, Inc.",Russell2000
TRS,0000842633,Trimas Corp,Russell2000
MSEX,0000066004,Middlesex Water Co,Russell2000
NPKI,0000071829,Npk International Inc.,Russell2000
CCNE,0000736772,Cnb Financial Corp/Pa,Russell2000
CBRL,0001067294,"Cracker Barrel Old Country Store, Inc",Russell2000
YELP,0001345016,Yelp Inc,Russell2000
PRSU,0000884219,"Pursuit Attractions & Hospitality, Inc.",Russell2000
LQDT,0001235468,Liquidity Services Inc,Russell2000
MCB,0001476034,Metropolitan Bank Holding Corp.,Russell2000
GIII,0000821002,G Iii Apparel Group Ltd /De/,Russell2000
UPWK,0001627475,"Upwork, Inc",Russell2000
AMTB,0001734342,Amerant Bancorp Inc.,Russell2000
NUTX,0001479681,Nutex Health Inc.,Russell2000
FLNG,0001772253,Flex Lng Ltd.,Russell2000
CAC,0000750686,Camden National Corp,Russell2000
PLSE,0001625101,"Pulse Biosciences, Inc.",Russell2000
CERT,0001827090,"Certara, Inc.",Russell2000
TRIP,0001526520,"Tripadvisor, Inc.",Russell2000
WOLF,0000895419,"Wolfspeed, Inc.",Russell2000
ATEX,0001304492,Anterix Inc.,Russell2000
MUX,0000314203,Mcewen Inc.,Russell2000
PWP,0001777835,Perella Weinberg Partners,Russell2000
UTI,0001261654,Universal Technical Institute Inc,Russell2000
BFST,0001624322,"Business First Bancshares, Inc.",Russell2000
HBNC,0000706129,Horizon Bancorp Inc /In/,Russell2000
KURA,0001422143,"Kura Oncology, Inc.",Russell2000
OMDA,0001611115,"Omada Health, Inc.",Russell2000
NWPX,0001001385,"Nwpx Infrastructure, Inc.",Russell2000
ANRO,0001999480,"Alto Neuroscience, Inc.",Russell2000
UPBD,0000933036,"Upbound Group, Inc.",Russell2000
FCEL,0000886128,Fuelcell Energy Inc,Russell2000
UAA,0001336917,"Under Armour, Inc.",Russell2000
BCAX,0002023658,Bicara Therapeutics Inc.,Russell2000
LBRX,0001691082,Lb Pharmaceuticals Inc,Russell2000
ASTE,0000792987,Astec Industries Inc,Russell2000
TRST,0000357301,Trustco Bank Corp N Y,Russell2000
GTM,0001794515,Zoominfo Technologies Inc.,Russell2000
GHM,0000716314,Graham Corp,Russell2000
TGLS,0001534675,Tecnoglass Holdings Inc.,Russell2000
PCRX,0001396814,"Pacira Biosciences, Inc.",Russell2000
RCAT,0000748268,"Red Cat Holdings, Inc.",Russell2000
CSR,0000798359,Centerspace,Russell2000
CNXN,0001050377,Pc Connection Inc,Russell2000
CIM,0001409493,Chimera Investment Corp,Russell2000
QNST,0001117297,"Quinstreet, Inc",Russell2000
TYRA,0001863127,"Tyra Biosciences, Inc.",Russell2000
ORIC,0001796280,"Oric Pharmaceuticals, Inc.",Russell2000
DEC,0001922446,Diversified Energy Co,Russell2000
WLTH,0001524566,Wealthfront Corp,Russell2000
HAFC,0001109242,Hanmi Financial Corp,Russell2000
OI,0000812074,"O-I Glass, Inc. /De/",Russell2000
PLOW,0001287213,"Douglas Dynamics, Inc",Russell2000
CCO,0001334978,"Clear Channel Outdoor Holdings, Inc.",Russell2000
SBSI,0000705432,Southside Bancshares Inc,Russell2000
NX,0001423221,Quanex Building Products Corp,Russell2000
TE,0001992243,T1 Energy Inc.,Russell2000
SMP,0000093389,"Standard Motor Products, Inc.",Russell2000
EIG,0001379041,"Employers Holdings, Inc.",Russell2000
ESQ,0001531031,"Esquire Financial Holdings, Inc.",Russell2000
FMNB,0000709337,Farmers National Banc Corp /Oh/,Russell2000
AMAL,0001823608,Amalgamated Financial Corp.,Russell2000
THFF,0000714562,First Financial Corp /In/,Russell2000
UTL,0000755001,Unitil Corp,Russell2000
GNK,0001326200,Genco Shipping & Trading Ltd,Russell2000
GLUE,0001826457,"Monte Rosa Therapeutics, Inc.",Russell2000
DJCO,0000783412,Daily Journal Corp,Russell2000
COTY,0001024305,Coty Inc.,Russell2000
GOLD,0001591588,"Gold.Com, Inc.",Russell2000
PCT,0001830033,"Purecycle Technologies, Inc.",Russell2000
ASAN,0001477720,"Asana, Inc.",Russell2000
BBNX,0001674632,"Beta Bionics, Inc.",Russell2000
PMT,0001464423,Pennymac Mortgage Investment Trust,Russell2000
AIP,0001667011,"Arteris, Inc.",Russell2000
CEVA,0001173489,Ceva Inc,Russell2000
ODC,0000074046,Oil-Dri Corp Of America,Russell2000
TDAY,0001579684,"Usa Today Co., Inc.",Russell2000
VRTS,0000883237,"Virtus Investment Partners, Inc.",Russell2000
NBBK,0001979330,"Nb Bancorp, Inc.",Russell2000
RVLV,0001746618,"Revolve Group, Inc.",Russell2000
VERX,0001806837,"Vertex, Inc.",Russell2000
TRUP,0001371285,"Trupanion, Inc.",Russell2000
MFA,0001055160,"Mfa Financial, Inc.",Russell2000
KFRC,0000930420,Kforce Inc,Russell2000
STGW,0000876883,Stagwell Inc,Russell2000
YSS,0002086587,York Space Systems Inc.,Russell2000
CYRX,0001124524,"Cryoport, Inc.",Russell2000
FET,0001401257,"Forum Energy Technologies, Inc.",Russell2000
RIGL,0001034842,Rigel Pharmaceuticals Inc,Russell2000
RDVT,0001720116,"Red Violet, Inc.",Russell2000
KOPN,0000771266,Kopin Corp,Russell2000
SVC,0000945394,Service Properties Trust,Russell2000
HRTG,0001598665,"Heritage Insurance Holdings, Inc.",Russell2000
LWLG,0001325964,"Lightwave Logic, Inc.",Russell2000
TTI,0000844965,Tetra Technologies Inc,Russell2000
BKV,0001838406,Bkv Corp,Russell2000
BKSY,0001753539,Blacksky Technology Inc.,Russell2000
SEPN,0001984086,"Septerna, Inc.",Russell2000
NVGS,0001581804,Navigator Holdings Ltd.,Russell2000
ARDX,0001437402,"Ardelyx, Inc.",Russell2000
CPF,0000701347,Central Pacific Financial Corp,Russell2000
VOR,0001817229,Vor Biopharma Inc.,Russell2000
EVLV,0001805385,"Evolv Technologies Holdings, Inc.",Russell2000
WINA,0000908315,Winmark Corp,Russell2000
SVRA,0001160308,Savara Inc,Russell2000
RPD,0001560327,"Rapid7, Inc.",Russell2000
CDRE,0001860543,"Cadre Holdings, Inc.",Russell2000
MCBS,0001747068,"Metrocity Bankshares, Inc.",Russell2000
FISI,0000862831,Financial Institutions Inc,Russell2000
BUR,0001714174,Burford Capital Ltd,Russell2000
TRNS,0000099302,Transcat Inc,Russell2000
KOP,0001315257,Koppers Holdings Inc.,Russell2000
ORRF,0000826154,Orrstown Financial Services Inc,Russell2000
EE,0001888447,"Excelerate Energy, Inc.",Russell2000
FOXF,0001424929,Fox Factory Holding Corp,Russell2000
NPK,0000080172,National Presto Industries Inc,Russell2000
AVTX,0001534120,"Avalo Therapeutics, Inc.",Russell2000
TK,0000911971,Teekay Corp Ltd,Russell2000
SENEA,0000088948,Seneca Foods Corp,Russell2000
RBCAA,0000921557,Republic Bancorp Inc /Ky/,Russell2000
SMPL,0001702744,Simply Good Foods Co,Russell2000
BZH,0000915840,Beazer Homes Usa Inc,Russell2000
SXC,0001514705,"Suncoke Energy, Inc.",Russell2000
GCMG,0001819796,Gcm Grosvenor Inc.,Russell2000
EQBK,0001227500,Equity Bancshares Inc,Russell2000
FSBC,0001275168,Five Star Bancorp,Russell2000
MRVI,0001823239,"Maravai Lifesciences Holdings, Inc.",Russell2000
SIBN,0001459839,"Si-Bone, Inc.",Russell2000
MTW,0000061986,Manitowoc Co Inc,Russell2000
MPB,0000879635,Mid Penn Bancorp Inc,Russell2000
SAH,0001043509,Sonic Automotive Inc,Russell2000
JANX,0001817713,"Janux Therapeutics, Inc.",Russell2000
SMBK,0001038773,Smartfinancial Inc.,Russell2000
SABR,0001597033,Sabre Corp,Russell2000
BLZE,0001462056,"Backblaze, Inc.",Russell2000
VPG,0001487952,"Vishay Precision Group, Inc.",Russell2000
EGBN,0001050441,Eagle Bancorp Inc,Russell2000
CRVS,0001626971,"Corvus Pharmaceuticals, Inc.",Russell2000
FG,0001934850,"F&G Annuities & Life, Inc.",Russell2000
AMPH,0001297184,"Amphastar Pharmaceuticals, Inc.",Russell2000
SG,0001477815,"Sweetgreen, Inc.",Russell2000
PRAA,0001185348,Pra Group Inc,Russell2000
MAZE,0001842295,"Maze Therapeutics, Inc.",Russell2000
AMRC,0001488139,"Ameresco, Inc.",Russell2000
GLIBK,0002057463,Liberty Capital Corp/Nv,Russell2000
BBSI,0000902791,Barrett Business Services Inc,Russell2000
MRTN,0000799167,Marten Transport Ltd,Russell2000
ABUS,0001447028,Arbutus Biopharma Corp,Russell2000
APOG,0000006845,"Apogee Enterprises, Inc.",Russell2000
APEI,0001201792,American Public Education Inc,Russell2000
FCBC,0000859070,First Community Bankshares Inc /Va/,Russell2000
MITK,0000807863,Mitek Systems Inc,Russell2000
MGTX,0001735438,Meiragtx Holdings Plc,Russell2000
VREX,0001681622,Varex Imaging Corp,Russell2000
LIF,0001581760,"Life360, Inc.",Russell2000
WASH,0000737468,Washington Trust Bancorp Inc,Russell2000
CASS,0000708781,Cass Information Systems Inc,Russell2000
CODI,0001345126,Compass Diversified Holdings,Russell2000
FEIM,0000039020,Frequency Electronics Inc,Russell2000
NNE,0001923891,Nano Nuclear Energy Inc.,Russell2000
SAFE,0001095651,Safehold Inc.,Russell2000
FIZZ,0000069891,National Beverage Corp,Russell2000
ADAM,0001273685,"Adamas Trust, Inc.",Russell2000
WGO,0000107687,Winnebago Industries Inc,Russell2000
ALRS,0000903419,Alerus Financial Corp,Russell2000
SHBI,0001035092,Shore Bancshares Inc,Russell2000
LINC,0001286613,Lincoln Educational Services Corp,Russell2000
QDEL,0001906324,Quidelortho Corp,Russell2000
OLMA,0001750284,"Olema Pharmaceuticals, Inc.",Russell2000
GDOT,0001386278,Green Dot Corp,Russell2000
COLL,0001267565,"Collegium Pharmaceutical, Inc",Russell2000
DAKT,0000915779,Daktronics Inc /Sd/,Russell2000
PFBC,0001492165,Preferred Bank,Russell2000
ELE,0002086771,Elemental Royalty Corp,Russell2000
CMP,0001227654,Compass Minerals International Inc,Russell2000
BV,0001734713,"Brightview Holdings, Inc.",Russell2000
COAG,0002114044,"Hemab Therapeutics Holdings, Inc.",Russell2000
IMMX,0001873835,"Immix Biopharma, Inc.",Russell2000
DC,0001852353,Dakota Gold Corp.,Russell2000
BLMN,0001546417,"Bloomin' Brands, Inc.",Russell2000
PAHC,0001069899,Phibro Animal Health Corp,Russell2000
PGC,0001050743,Peapack Gladstone Financial Corp,Russell2000
DRVN,0001804745,Driven Brands Holdings Inc.,Russell2000
IBCP,0000039311,Independent Bank Corp /Mi/,Russell2000
SMBC,0000916907,"Southern Missouri Bancorp, Inc.",Russell2000
HTB,0001538263,"Hometrust Bancshares, Inc.",Russell2000
PAX,0001825570,Patria Investments Ltd,Russell2000
IRWD,0001446847,Ironwood Pharmaceuticals Inc,Russell2000
SOC,0001831481,Sable Offshore Corp.,Russell2000
MLAB,0000724004,Mesa Laboratories Inc /Co/,Russell2000
GERN,0000886744,Geron Corp,Russell2000
AVO,0001802974,"Mission Produce, Inc.",Russell2000
FLOC,0002035149,Flowco Holdings Inc.,Russell2000
MMI,0001578732,"Marcus & Millichap, Inc.",Russell2000
CADL,0001841387,"Candel Therapeutics, Inc.",Russell2000
LZ,0001286139,"Legalzoom.Com, Inc.",Russell2000
CCBG,0000726601,Capital City Bank Group Inc,Russell2000
BHB,0000743367,Bar Harbor Bankshares,Russell2000
CTO,0000023795,"Cto Realty Growth, Inc.",Russell2000
CRML,0001951089,Critical Metals Corp.,Russell2000
PUBM,0001422930,"Pubmatic, Inc.",Russell2000
SPFI,0001163668,"South Plains Financial, Inc.",Russell2000
PFIS,0001056943,Peoples Financial Services Corp.,Russell2000
CARE,0001829576,"Carter Bankshares, Inc.",Russell2000
FDMT,0001650648,"4D Molecular Therapeutics, Inc.",Russell2000
IVR,0001437071,Invesco Mortgage Capital Inc.,Russell2000
HSTM,0001095565,Healthstream Inc,Russell2000
MLR,0000924822,Miller Industries Inc /Tn/,Russell2000
CMRE,0001503584,Costamare Inc.,Russell2000
TCBX,0001781730,"Third Coast Bancshares, Inc.",Russell2000
LYTS,0000763532,Lsi Industries Inc,Russell2000
TBPH,0001583107,"Theravance Biopharma, Inc.",Russell2000
ZVRA,0001434647,"Zevra Therapeutics, Inc.",Russell2000
INDI,0001841925,"Indie Semiconductor, Inc.",Russell2000
CLVT,0001764046,Clarivate Plc,Russell2000
PZZA,0000901491,Papa Johns International Inc,Russell2000
OSPN,0001044777,Onespan Inc.,Russell2000
UAMY,0000101538,United States Antimony Corp,Russell2000
ABR,0001253986,Arbor Realty Trust Inc,Russell2000
MTUS,0001598428,Metallus Inc.,Russell2000
OPK,0000944809,"Opko Health, Inc.",Russell2000
IRMD,0001325618,Iradimed Corp,Russell2000
CBLL,0001861107,"Ceribell, Inc.",Russell2000
HPP,0001482512,"Hudson Pacific Properties, Inc.",Russell2000
MATV,0001000623,"Mativ Holdings, Inc.",Russell2000
JBIO,0001798749,"Jade Biosciences, Inc.",Russell2000
ASC,0001577437,Ardmore Shipping Corp,Russell2000
PRKS,0001564902,United Parks & Resorts Inc.,Russell2000
KMTS,0001877184,"Kestra Medical Technologies, Ltd.",Russell2000
CRSR,0001743759,"Corsair Gaming, Inc.",Russell2000
ANNX,0001528115,"Annexon, Inc.",Russell2000
ACRS,0001557746,"Aclaris Therapeutics, Inc.",Russell2000
JBGS,0001689796,Jbg Smith Properties,Russell2000
ACNB,0000715579,Acnb Corp,Russell2000
HIPO,0001828105,Hippo Holdings Inc.,Russell2000
MSBI,0001466026,"Midland States Bancorp, Inc.",Russell2000
NUAI,0002028336,"New Era Energy & Digital, Inc.",Russell2000
VSTM,0001526119,"Verastem, Inc.",Russell2000
NRGV,0001828536,"Energy Vault Holdings, Inc.",Russell2000
AROW,0000717538,Arrow Financial Corp,Russell2000
AOSL,0001387467,Alpha & Omega Semiconductor Ltd,Russell2000
ROOT,0001788882,"Root, Inc.",Russell2000
FLNC,0001868941,"Fluence Energy, Inc.",Russell2000
LCID,0001811210,"Lucid Group, Inc.",Russell2000
SLDB,0001707502,Solid Biosciences Inc.,Russell2000
CCSI,0001866633,"Consensus Cloud Solutions, Inc.",Russell2000
CTKB,0001831915,"Cytek Biosciences, Inc.",Russell2000
BTBT,0001710350,"Bit Digital, Inc",Russell2000
KODK,0000031235,Eastman Kodak Co,Russell2000
LPTH,0000889971,Lightpath Technologies Inc,Russell2000
EVER,0001640428,"Everquote, Inc.",Russell2000
BVS,0001665988,Bioventus Inc.,Russell2000
AMBP,0001845097,Ardagh Metal Packaging S.A.,Russell2000
PAR,0000708821,Par Technology Corp,Russell2000
GSBC,0000854560,"Great Southern Bancorp, Inc.",Russell2000
MCS,0000062234,Marcus Corp,Russell2000
HELE,0000916789,Helen Of Troy Ltd,Russell2000
CWBC,0001127371,Community West Bancshares,Russell2000
FBRT,0001562528,"Franklin Bsp Realty Trust, Inc.",Russell2000
SGMT,0001400118,Sagimet Biosciences Inc.,Russell2000
NAVI,0001593538,Navient Corp,Russell2000
REPX,0001001614,"Riley Exploration Permian, Inc.",Russell2000
PSTL,0001759774,"Postal Realty Trust, Inc.",Russell2000
ACHV,0000949858,"Achieve Life Sciences, Inc.",Russell2000
LXU,0000060714,"Lsb Industries, Inc.",Russell2000
MAMA,0001520358,"Mama'S Creations, Inc.",Russell2000
FWRG,0001789940,"First Watch Restaurant Group, Inc.",Russell2000
AVR,0002011514,Anteris Technologies Global Corp.,Russell2000
SWBI,0001092796,"Smith & Wesson Brands, Inc.",Russell2000
ALT,0001326190,"Altimmune, Inc.",Russell2000
KE,0001606757,"Kimball Electronics, Inc.",Russell2000
EGY,0000894627,Vaalco Energy Inc /De/,Russell2000
ALMS,0001847367,Alumis Inc.,Russell2000
STAA,0000718937,Staar Surgical Co,Russell2000
GOOD,0001234006,Gladstone Commercial Corp,Russell2000
MATW,0000063296,Matthews International Corp,Russell2000
BWMN,0001847590,Bowman Consulting Group Ltd.,Russell2000
GIC,0000945114,Global Industrial Co,Russell2000
CLDT,0001476045,Chatham Lodging Trust,Russell2000
LCLN,0001925283,"Lincoln International, Inc.",Russell2000
BOW,0002002473,Bowhead Specialty Holdings Inc.,Russell2000
MMED,0002062583,"Minimed Group, Inc.",Russell2000
MCHB,0001518715,Mechanics Bancorp,Russell2000
NXDR,0001846069,"Nextdoor Holdings, Inc.",Russell2000
SATL,0001874315,Satellogic Inc.,Russell2000
AKTS,0002035832,"Aktis Oncology, Inc.",Russell2000
ONT,0001643615,"Onterris, Inc.",Russell2000
INN,0001497645,"Summit Hotel Properties, Inc.",Russell2000
SHEN,0000354963,Shenandoah Telecommunications Co/Va/,Russell2000
ARRY,0001820721,"Array Technologies, Inc.",Russell2000
CIVB,0000944745,"Civista Bancshares, Inc.",Russell2000
ENVX,0001828318,Enovix Corp,Russell2000
HBT,0000775215,"Hbt Financial, Inc.",Russell2000
CCB,0001437958,Coastal Financial Corp,Russell2000
ESRT,0001541401,"Empire State Realty Trust, Inc.",Russell2000
JBI,0001839839,"Janus International Group, Inc.",Russell2000
WVE,0001631574,"Wave Life Sciences, Inc.",Russell2000
PKE,0000076267,Park Aerospace Corp,Russell2000
AHCO,0001725255,Adapthealth Corp.,Russell2000
KRNY,0001617242,Kearny Financial Corp.,Russell2000
RES,0000742278,Rpc Inc,Russell2000
LMB,0001606163,"Limbach Holdings, Inc.",Russell2000
PAYS,0001496443,"Paysign, Inc.",Russell2000
WLFC,0001018164,Willis Lease Finance Corp,Russell2000
FBIZ,0001521951,"First Business Financial Services, Inc.",Russell2000
CRMD,0001410098,Cormedix Inc.,Russell2000
SHAZ,0002068385,Sharonai Holdings Inc.,Russell2000
NRIM,0001163370,Northrim Bancorp Inc,Russell2000
OOMA,0001327688,Ooma Inc,Russell2000
SBGI,0001971213,"Sinclair, Inc.",Russell2000
CSIQ,0001375877,Canadian Solar Inc.,Russell2000
BXC,0001301787,Bluelinx Holdings Inc.,Russell2000
CNNE,0001704720,"Cannae Holdings, Inc.",Russell2000
NTGR,0001122904,"Netgear, Inc.",Russell2000
MDXG,0001376339,"Mimedx Group, Inc.",Russell2000
ANGO,0001275187,Angiodynamics Inc,Russell2000
CTOS,0001709682,"Custom Truck One Source, Inc.",Russell2000
HYLN,0001759631,Hyliion Holdings Corp.,Russell2000
AVLN,0001540171,Avalyn Pharma Inc.,Russell2000
SPT,0001517375,"Sprout Social, Inc.",Russell2000
ZGN,0001877787,Ermenegildo Zegna N.V.,Russell2000
ACEL,0001698991,"Accel Entertainment, Inc.",Russell2000
IIIN,0000764401,Insteel Industries Inc,Russell2000
CDNL,0002079999,Cardinal Infrastructure Group Inc.,Russell2000
YEXT,0001614178,"Yext, Inc.",Russell2000
RGR,0000095029,Sturm Ruger & Co Inc,Russell2000
SFST,0001090009,Southern First Bancshares Inc,Russell2000
ADTN,0000926282,"Adtran Holdings, Inc.",Russell2000
HSHP,0001959455,Himalaya Shipping Ltd.,Russell2000
EBF,0000033002,"Ennis, Inc.",Russell2000
DDD,0000910638,3D Systems Corp,Russell2000
VTS,0001944558,"Vitesse Energy, Inc.",Russell2000
BCAL,0001795815,California Bancorp \ Ca,Russell2000
KLRA,0002096997,"Kailera Therapeutics, Inc.",Russell2000
ALX,0000003499,Alexanders Inc,Russell2000
ALOY,0001567900,Realloys Inc.,Russell2000
NVRI,0002104052,Enviri Corp,Russell2000
AEVA,0001789029,"Aeva Technologies, Inc.",Russell2000
VRRM,0001682745,Verra Mobility Corp,Russell2000
CXM,0001569345,"Sprinklr, Inc.",Russell2000
JBSS,0000880117,Sanfilippo John B & Son Inc,Russell2000
HOV,0000357294,Hovnanian Enterprises Inc,Russell2000
NB,0001512228,Niocorp Developments Ltd,Russell2000
SANA,0001770121,"Sana Biotechnology, Inc.",Russell2000
FOR,0001406587,Forestar Group Inc.,Russell2000
HNRG,0000788965,Hallador Energy Co,Russell2000
XMAX,0001473334,Xmax Inc.,Russell2000
RRBI,0001071236,Red River Bancshares Inc,Russell2000
TCMD,0001027838,Tactile Systems Technology Inc,Russell2000
STLN,0001799191,"Starling Oncology, Inc.",Russell2000
CVLG,0000928658,"Covenant Logistics Group, Inc.",Russell2000
RYAM,0001597672,Rayonier Advanced Materials Inc.,Russell2000
TRTX,0001630472,"Tpg Re Finance Trust, Inc.",Russell2000
NMAX,0002026478,Newsmax Inc.,Russell2000
SLDP,0001844862,"Solid Power, Inc.",Russell2000
AQST,0001398733,"Aquestive Therapeutics, Inc.",Russell2000
EVC,0001109116,Entravision Communications Corp,Russell2000
UHT,0000798783,Universal Health Realty Income Trust,Russell2000
CTMX,0001501989,"Cytomx Therapeutics, Inc.",Russell2000
TROX,0001530804,Tronox Holdings Plc,Russell2000
NVEC,0000724910,Nve Corp /New/,Russell2000
GDYN,0001743725,"Grid Dynamics Holdings, Inc.",Russell2000
CARS,0001683606,Cars.Com Inc.,Russell2000
BSRR,0001130144,Sierra Bancorp,Russell2000
CERS,0001020214,Cerus Corp,Russell2000
PHR,0001412408,"Phreesia, Inc.",Russell2000
CLB,0001958086,Core Laboratories Inc. /De/,Russell2000
HBCP,0001436425,"Home Bancorp, Inc.",Russell2000
FMAO,0000792966,Farmers & Merchants Bancorp Inc,Russell2000
TITN,0001409171,Titan Machinery Inc.,Russell2000
MOV,0000072573,Movado Group Inc,Russell2000
NGNE,0001404644,Neurogene Inc.,Russell2000
GSM,0001639877,Ferroglobe Plc,Russell2000
OABI,0001846253,"Omniab, Inc.",Russell2000
CLYM,0001768446,"Climb Bio, Inc.",Russell2000
AHRT,0001569187,"Ah Realty Trust, Inc.",Russell2000
HNST,0001530979,"Honest Company, Inc.",Russell2000
SB,0001434754,"Safe Bulkers, Inc.",Russell2000
CLMB,0000945983,"Climb Global Solutions, Inc.",Russell2000
ETD,0000896156,Ethan Allen Interiors Inc,Russell2000
RWT,0000930236,Redwood Trust Inc,Russell2000
ARVN,0001655759,"Arvinas, Inc.",Russell2000
STTK,0001680367,"Shattuck Labs, Inc.",Russell2000
COFS,0000803164,Choiceone Financial Services Inc,Russell2000
BDN,0000790816,Brandywine Realty Trust,Russell2000
YORW,0000108985,York Water Co,Russell2000
OBT,0001754226,"Orange County Bancorp, Inc. /De/",Russell2000
CTGO,0001502377,Contango Silver & Gold Inc.,Russell2000
AMSF,0001018979,Amerisafe Inc,Russell2000
RPC,0001841968,"Ridgepost Capital, Inc.",Russell2000
NXRT,0001620393,"Nexpoint Residential Trust, Inc.",Russell2000
RHLD,0002039497,"Resolute Holdings Management, Inc.",Russell2000
CAPR,0001133869,"Capricor Therapeutics, Inc.",Russell2000
NHP,0001561032,"National Healthcare Properties, Inc.",Russell2000
WNC,0000879526,Wabash National Corp,Russell2000
WTBA,0001166928,West Bancorporation Inc,Russell2000
MEI,0000065270,Methode Electronics Inc,Russell2000
BRSP,0001717547,"Brightspire Capital, Inc.",Russell2000
TIPT,0001393726,Tiptree Inc.,Russell2000
ATLC,0001464343,Atlanticus Holdings Corp,Russell2000
PKOH,0000076282,Park Ohio Holdings Corp,Russell2000
KELYA,0000055135,Kelly Services Inc,Russell2000
EOLS,0001570562,"Evolus, Inc.",Russell2000
RXT,0001810019,"Rackspace Technology, Inc.",Russell2000
OIS,0001121484,"Oil States International, Inc",Russell2000
MNTN,0001891027,"Mntn, Inc.",Russell2000
ARHS,0001875444,"Arhaus, Inc.",Russell2000
ALMR,0002104204,"Alamar Biosciences, Inc.",Russell2000
XRN,0001533615,Chiron Real Estate Inc.,Russell2000
LXRX,0001062822,"Lexicon Pharmaceuticals, Inc.",Russell2000
RBB,0001499422,Rbb Bancorp,Russell2000
TBLA,0001840502,Taboola.Com Ltd.,Russell2000
LXFR,0001096056,Luxfer Holdings Plc,Russell2000
FPI,0001591670,Farmland Partners Inc.,Russell2000
RGNX,0001590877,Regenxbio Inc.,Russell2000
SCHL,0000866729,Scholastic Corp,Russell2000
CBIO,0001253689,"Crescent Biopharma, Inc.",Russell2000
DCTH,0000872912,"Delcath Systems, Inc.",Russell2000
URG,0001375205,Ur-Energy Inc,Russell2000
CCOI,0001158324,"Cogent Communications Holdings, Inc.",Russell2000
SD,0001349436,Sandridge Energy Inc,Russell2000
WEAV,0001609151,"Weave Communications, Inc.",Russell2000
CZNC,0000810958,Citizens & Northern Corp,Russell2000
NVCT,0001875558,"Nuvectis Pharma, Inc.",Russell2000
ALLO,0001737287,"Allogene Therapeutics, Inc.",Russell2000
TATT,0000808439,Tat Technologies Ltd,Russell2000
CSV,0001016281,Carriage Services Inc,Russell2000
ITIC,0000720858,Investors Title Co,Russell2000
MBUU,0001590976,"Malibu Boats, Inc.",Russell2000
HTLD,0000799233,Heartland Express Inc,Russell2000
ILPT,0001717307,Industrial Logistics Properties Trust,Russell2000
CMCO,0001005229,Columbus Mckinnon Corp,Russell2000
FTK,0000928054,Flotek Industries Inc/Cn/,Russell2000
BWB,0001341317,Bridgewater Bancshares Inc,Russell2000
SPCE,0001706946,"Virgin Galactic Holdings, Inc",Russell2000
IDR,0001030192,"Idaho Strategic Resources, Inc.",Russell2000
KARD,0002123613,"Kardigan, Inc.",Russell2000
ASPI,0001921865,Asp Isotopes Inc.,Russell2000
AEBI,0002048519,Aebi Schmidt Holding Ag,Russell2000
ODD,0001907085,Oddity Tech Ltd,Russell2000
OVID,0001636651,Ovid Therapeutics Inc.,Russell2000
ASIX,0001673985,Advansix Inc.,Russell2000
MNPR,0001645469,Monopar Therapeutics,Russell2000
CBAN,0000711669,Colony Bankcorp Inc,Russell2000
UNTY,0000920427,Unity Bancorp Inc /Nj/,Russell2000
KRT,0001758021,Karat Packaging Inc.,Russell2000
PBYI,0001401667,"Puma Biotechnology, Inc.",Russell2000
PLBC,0001168455,Plumas Bancorp,Russell2000
GRPN,0001490281,"Groupon, Inc.",Russell2000
FWDI,0000038264,"Forward Industries, Inc.",Russell2000
EDIT,0001650664,"Editas Medicine, Inc.",Russell2000
BMRC,0001403475,Bank Of Marin Bancorp,Russell2000
CWCO,0000928340,Consolidated Water Co. Ltd.,Russell2000
JCAP,0002046042,"Jefferson Capital, Inc. / De",Russell2000
GENB,0002100782,"Generate Biomedicines, Inc.",Russell2000
VLGEA,0000103595,Village Super Market Inc,Russell2000
VITL,0001579733,"Vital Farms, Inc.",Russell2000
DRUG,0001827401,Bright Minds Biosciences Inc.,Russell2000
GTN,0000043196,"Gray Media, Inc",Russell2000
TWI,0000899751,Titan International Inc,Russell2000
BOBS,0002085187,"Bob'S Discount Furniture, Inc.",Russell2000
BWFG,0001505732,"Bankwell Financial Group, Inc.",Russell2000
CPS,0001320461,Cooper-Standard Holdings Inc.,Russell2000
CTRN,0001318484,Citi Trends Inc,Russell2000
OLP,0000712770,One Liberty Properties Inc,Russell2000
SPIR,0001816017,"Spire Global, Inc.",Russell2000
EVH,0001628908,"Evolent Health, Inc.",Russell2000
WRLD,0000108385,World Acceptance Corp,Russell2000
IBEX,0001720420,Ibex Ltd,Russell2000
GLRE,0001385613,"Greenlight Capital Re, Ltd.",Russell2000
GRND,0001820144,Grindr Inc.,Russell2000
NGVC,0001547459,"Natural Grocers By Vitamin Cottage, Inc.",Russell2000
IPI,0001421461,"Intrepid Potash, Inc.",Russell2000
CMCL,0000766011,Caledonia Mining Corp Plc,Russell2000
LOCO,0001606366,"El Pollo Loco Holdings, Inc.",Russell2000
REAX,0002136387,Real Remax Group Inc.,Russell2000
CBNK,0001419536,Capital Bancorp Inc,Russell2000
FNLC,0000765207,"First Bancorp, Inc /Me/",Russell2000
METC,0001687187,"Ramaco Resources, Inc.",Russell2000
ACCO,0000712034,Acco Brands Corp,Russell2000
OXM,0000075288,Oxford Industries Inc,Russell2000
CAL,0000014707,Caleres Inc,Russell2000
PSIX,0001137091,"Power Solutions International, Inc.",Russell2000
XRX,0001770450,Xerox Holdings Corp,Russell2000
CABA,0001759138,"Cabaletta Bio, Inc.",Russell2000
IBTA,0001538379,"Ibotta, Inc.",Russell2000
LAND,0001495240,Gladstone Land Corp,Russell2000
CHCT,0001631569,Community Healthcare Trust Inc,Russell2000
DSGN,0001807120,"Design Therapeutics, Inc.",Russell2000
ARCT,0001768224,Arcturus Therapeutics Holdings Inc.,Russell2000
NGS,0001084991,Natural Gas Services Group Inc,Russell2000
MAGN,0000041719,Magnera Corp,Russell2000
KIDS,0001425450,Orthopediatrics Corp,Russell2000
PDLB,0001874071,"Ponce Financial Group, Inc.",Russell2000
VGZ,0000783324,Vista Gold Corp,Russell2000
RLMD,0001553643,"Relmada Therapeutics, Inc.",Russell2000
BFS,0000907254,"Saul Centers, Inc.",Russell2000
LFTO,0001850351,"Liftoff Mobile, Inc.",Russell2000
FRST,0001325670,Primis Financial Corp.,Russell2000
AADX,0002118195,"Applied Aerospace & Defense, Inc.",Russell2000
DGICA,0000800457,Donegal Group Inc,Russell2000
CLPT,0001285550,"Clearpoint Neuro, Inc.",Russell2000
NPCE,0001528287,Neuropace Inc,Russell2000
PACB,0001299130,"Pacific Biosciences Of California, Inc.",Russell2000
DNA,0001830214,"Ginkgo Bioworks Holdings, Inc.",Russell2000
AVIR,0001593899,"Atea Pharmaceuticals, Inc.",Russell2000
MRAM,0001438423,Everspin Technologies Inc.,Russell2000
ISTR,0001602658,Investar Holding Corp,Russell2000
FLGT,0001674930,"Fulgent Genetics, Inc.",Russell2000
CZFS,0000739421,Citizens Financial Services Inc,Russell2000
PKBK,0001315399,"Parke Bancorp, Inc.",Russell2000
MVBF,0001277902,Mvb Financial Corp,Russell2000
HVT,0000216085,Haverty Furniture Companies Inc,Russell2000
AIOT,0001774170,"Powerfleet, Inc.",Russell2000
AGNT,0001495932,"Agnt, Inc.",Russell2000
HY,0001173514,"Hyster-Yale, Inc.",Russell2000
CTNM,0001855175,"Contineum Therapeutics, Inc.",Russell2000
ULCC,0001670076,"Frontier Group Holdings, Inc.",Russell2000
FSTR,0000352825,Foster L B Co,Russell2000
CRNC,0001768267,Cerence Inc.,Russell2000
WTI,0001288403,W&T Offshore Inc,Russell2000
PHAT,0001783183,"Phathom Pharmaceuticals, Inc.",Russell2000
SRTA,0001779128,"Strata Critical Medical, Inc.",Russell2000
MG,0001436126,"Mistras Group, Inc.",Russell2000
PRTA,0001559053,Prothena Corp Public Ltd Co,Russell2000
NWFL,0001013272,Norwood Financial Corp,Russell2000
SENS,0001616543,"Senseonics Holdings, Inc.",Russell2000
NECB,0001847398,"Northeast Community Bancorp, Inc./Md/",Russell2000
ERII,0001421517,"Energy Recovery, Inc.",Russell2000
MYGN,0000899923,Myriad Genetics Inc,Russell2000
AMCX,0001514991,Amc Global Media Inc.,Russell2000
OPRT,0001538716,Oportun Financial Corp,Russell2000
GEVO,0001392380,"Gevo, Inc.",Russell2000
ORN,0001402829,Orion Group Holdings Inc,Russell2000
CYH,0001108109,Community Health Systems Inc,Russell2000
AVBC,0002058758,"Avidia Bancorp, Inc.",Russell2000
IRD,0001228627,"Opus Genetics, Inc.",Russell2000
MEC,0001766368,"Mayville Engineering Company, Inc.",Russell2000
ODTX,0001882782,"Odyssey Therapeutics, Inc.",Russell2000
SWIM,0001833197,"Latham Group, Inc.",Russell2000
OFIX,0000884624,Orthofix Medical Inc.,Russell2000
TSBK,0001046050,Timberland Bancorp Inc,Russell2000
IMXI,0001683695,"International Money Express, Inc.",Russell2000
OCGN,0001372299,"Ocugen, Inc.",Russell2000
EROC,0002110029,"Erock, Inc.",Russell2000
DIN,0000049754,"Dine Brands Global, Inc.",Russell2000
ASPN,0001145986,Aspen Aerogels Inc,Russell2000
AURA,0001501796,"Aura Biosciences, Inc.",Russell2000
EBS,0001367644,Emergent Biosolutions Inc.,Russell2000
MCFT,0001638290,"Mastercraft Boat Holdings, Inc.",Russell2000
SVV,0001883313,"Savers Value Village, Inc.",Russell2000
TTAM,0002035304,Titan America Sa,Russell2000
PCB,0001423869,Pcb Bancorp,Russell2000
PESI,0000891532,Perma Fix Environmental Services Inc,Russell2000
GMRS,0001898718,Gmr Solutions Inc.,Russell2000
CVEO,0001590584,Civeo Corp,Russell2000
ENTA,0001177648,Enanta Pharmaceuticals Inc,Russell2000
CHMG,0000763563,Chemung Financial Corp,Russell2000
CWH,0001669779,"Camping World Holdings, Inc.",Russell2000
VOXR,0001907909,Vox Royalty Corp.,Russell2000
NEWT,0001587987,"Newtekone, Inc.",Russell2000
CCCC,0001662579,"C4 Therapeutics, Inc.",Russell2000
GNE,0001528356,Genie Energy Ltd.,Russell2000
FVR,0001988494,"Frontview Reit, Inc.",Russell2000
MASS,0001555279,908 Devices Inc.,Russell2000
SGHT,0001531177,"Sight Sciences, Inc.",Russell2000
CLW,0001441236,Clearwater Paper Corp,Russell2000
RMR,0001644378,Rmr Group Inc.,Russell2000
FIP,0001899883,Ftai Infrastructure Inc.,Russell2000
SSMR,0002091017,Sunshine Silver Mining & Refining Co,Russell2000
ASMB,0001426800,"Assembly Biosciences, Inc.",Russell2000
TRC,0000096869,Tejon Ranch Co,Russell2000
FOSL,0000883569,"Fossil Group, Inc.",Russell2000
STRZ,0000929351,Starz Entertainment Corp /Cn/,Russell2000
NPB,0001336706,Northpointe Bancshares Inc,Russell2000
KREF,0001631596,Kkr Real Estate Finance Trust Inc.,Russell2000
MH,0001951070,"Mcgraw Hill, Inc.",Russell2000
GCO,0000018498,Genesco Inc,Russell2000
OEC,0001609804,Orion S.A.,Russell2000
SFIX,0001576942,"Stitch Fix, Inc.",Russell2000
BRUN,0002090646,Boost Run Inc.,Russell2000
SERV,0001832483,Serve Robotics Inc. /De/,Russell2000
RR,0001963685,Richtech Robotics Inc.,Russell2000
AII,0002007587,"American Integrity Insurance Group, Inc.",Russell2000
STRT,0000933034,Strattec Security Corp,Russell2000
AVEX,0002096300,Aevex Corp.,Russell2000
EMBC,0001872789,Embecta Corp.,Russell2000
FWRD,0000912728,Forward Air Corp,Russell2000
CRCT,0001828962,"Cricut, Inc.",Russell2000
CTEV,0001793229,Claritev Corp,Russell2000
MNRO,0000876427,"Monro, Inc.",Russell2000
WSBF,0001569994,"Waterstone Financial, Inc.",Russell2000
CLFD,0000796505,"Clearfield, Inc.",Russell2000
BCML,0001730984,Baycom Corp,Russell2000
DSGR,0000703604,"Distribution Solutions Group, Inc.",Russell2000
MAX,0001818383,"Mediaalpha, Inc.",Russell2000
RCKY,0000895456,"Rocky Brands, Inc.",Russell2000
AGEN,0001098972,Agenus Inc,Russell2000
FENC,0001211583,Fennec Pharmaceuticals Inc.,Russell2000
NRDS,0001625278,"Nerdwallet, Inc.",Russell2000
ARKO,0001823794,Arko Corp.,Russell2000
IIIV,0001728688,"I3 Verticals, Inc.",Russell2000
EYPT,0001314102,"Eyepoint, Inc.",Russell2000
YSWY,0001859836,"Yesway, Inc.",Russell2000
DFH,0001825088,"Dream Finders Homes, Inc.",Russell2000
MPTI,0001902314,"M-Tron Industries, Inc.",Russell2000
TREE,0001434621,"Lendingtree, Inc.",Russell2000
RZLT,0001509261,"Rezolute, Inc.",Russell2000
FSBW,0001530249,"Fs Bancorp, Inc.",Russell2000
APMD,0001745648,"Apnimed, Inc.",Russell2000
BBW,0001113809,Build-A-Bear Workshop Inc,Russell2000
SLP,0001023459,"Simulations Plus, Inc.",Russell2000
ATLO,0001132651,Ames National Corp,Russell2000
REI,0001384195,"Ring Energy, Inc.",Russell2000
FUBO,0001484769,Fubotv Inc.,Russell2000
NXH,0001130713,"Neighborhood Intelligence, Inc.",Russell2000
PRTH,0001653558,"Priority Technology Holdings, Inc.",Russell2000
ABAT,0001576873,American Battery Technology Co,Russell2000
CATX,0000728387,"Perspective Therapeutics, Inc.",Russell2000
KYTX,0001994702,"Kyverna Therapeutics, Inc.",Russell2000
FCCO,0000932781,First Community Corp /Sc/,Russell2000
QUAD,0001481792,"Quad/Graphics, Inc.",Russell2000
FVCB,0001675644,"Fvcbankcorp, Inc.",Russell2000
ATNI,0000879585,"Atn International, Inc.",Russell2000
JMSB,0001710482,"John Marshall Bancorp, Inc.",Russell2000
RCKT,0001281895,"Rocket Pharmaceuticals, Inc.",Russell2000
IHRT,0001400891,"Iheartmedia, Inc.",Russell2000
ACIC,0001401521,American Coastal Insurance Corp,Russell2000
PRME,0001894562,"Prime Medicine, Inc.",Russell2000
VMD,0001729149,"Viemed Healthcare, Inc.",Russell2000
ALTO,0000778164,"Alto Ingredients, Inc.",Russell2000
IKT,0001750149,"Inhibikase Therapeutics, Inc.",Russell2000
NKSH,0000796534,National Bankshares Inc,Russell2000
CBK,0001981546,"Commercial Bancgroup, Inc.",Russell2000
FRAF,0000723646,Franklin Financial Services Corp /Pa/,Russell2000
LXEO,0001907108,"Lexeo Therapeutics, Inc.",Russell2000
BMBL,0001830043,Bumble Inc.,Russell2000
BRR,0002076163,"Silvia, Inc.",Russell2000
RNGR,0001699039,"Ranger Energy Services, Inc.",Russell2000
CFFI,0000913341,C & F Financial Corp,Russell2000
XFOR,0001501697,"X4 Pharmaceuticals, Inc",Russell2000
WEST,0001806347,Westrock Coffee Co,Russell2000
RLGT,0001171155,"Radiant Logistics, Inc",Russell2000
RM,0001519401,Regional Management Corp.,Russell2000
NEXN,0001849396,Nexxen International Ltd.,Russell2000
TWIN,0000100378,Twin Disc Inc,Russell2000
HAWK,0001750704,"Hawkeye 360, Inc.",Russell2000
NABL,0001834488,"N-Able, Inc.",Russell2000
FUNC,0000763907,First United Corp/Md/,Russell2000
PANL,0001606909,Pangaea Logistics Solutions Ltd.,Russell2000
VNDA,0001347178,Vanda Pharmaceuticals Inc.,Russell2000
USCB,0001901637,"Uscb Financial Holdings, Inc.",Russell2000
BKKT,0001820302,"Bakkt, Inc.",Russell2000
FRD,0000039092,Friedman Industries Inc,Russell2000
CLNE,0001368265,Clean Energy Fuels Corp.,Russell2000
TECX,0001681087,"Tectonic Therapeutic, Inc.",Russell2000
RPAY,0001720592,Repay Holdings Corp,Russell2000
EIKN,0001861123,"Eikon Therapeutics, Inc.",Russell2000
DUOT,0001396536,"Duos Technologies Group, Inc.",Russell2000
IA,0000836690,Innovative Solutions & Support Inc,Russell2000
SPTX,0002042347,"Seaport Therapeutics, Inc.",Russell2000
BOC,0001494582,Boston Omaha Corp,Russell2000
CRD-A,0000025475,Crawford & Co,Russell2000
FDBC,0001098151,Fidelity D & D Bancorp Inc,Russell2000
GEMI,0002055592,"Gemini Space Station, Inc.",Russell2000
DNUT,0001857154,"Krispy Kreme, Inc.",Russell2000
MYFW,0001327607,First Western Financial Inc,Russell2000
TBI,0000768899,"Trueblue, Inc.",Russell2000
SPRY,0001671858,"Ars Pharmaceuticals, Inc.",Russell2000
FLXS,0000037472,Flexsteel Industries Inc,Russell2000
PINE,0001786117,"Alpine Income Property Trust, Inc.",Russell2000
CNDT,0001677703,Conduent Inc,Russell2000
XPER,0001788999,Xperi Inc.,Russell2000
EGHT,0001023731,8X8 Inc /De/,Russell2000
ZURA,0001855644,Zura Bio Ltd,Russell2000
FXNC,0000719402,First National Corp /Va/,Russell2000
ARDT,0001756655,"Ardent Health, Inc.",Russell2000
HTZ,0001657853,"Hertz Global Holdings, Inc",Russell2000
MTRX,0000866273,Matrix Service Co,Russell2000
SGP,0001778922,"Spyglass Pharma, Inc.",Russell2000
OVLY,0001431567,Oak Valley Bancorp,Russell2000
JOUT,0000788329,Johnson Outdoors Inc,Russell2000
GRNT,0001928446,"Granite Ridge Resources, Inc.",Russell2000
CD,0001527762,Chaince Digital Holdings Inc.,Russell2000
PALI,0001357459,"Palisade Bio, Inc.",Russell2000
DMAC,0001401040,Diamedica Therapeutics Inc.,Russell2000
BIOA,0001709941,"Bioage Labs, Inc.",Russell2000
SMC,0002024218,Summit Midstream Corp,Russell2000
ABEO,0000318306,Abeona Therapeutics Inc.,Russell2000
OPTU,0001702780,"Optimum Communications, Inc.",Russell2000
GCBC,0001070524,Greene County Bancorp Inc,Russell2000
ASIC,0002040491,Ategrity Specialty Insurance Co Holdings,Russell2000
SCTX,0001853921,"Scribe Therapeutics, Inc.",Russell2000
TDUP,0001484778,Thredup Inc.,Russell2000
ISBA,0000842517,Isabella Bank Corp,Russell2000
LCNB,0001074902,Lcnb Corp,Russell2000
LRMR,0001374690,"Larimar Therapeutics, Inc.",Russell2000
FULC,0001680581,"Fulcrum Therapeutics, Inc.",Russell2000
ZIP,0001617553,"Ziprecruiter, Inc.",Russell2000
NATH,0000069733,"Nathans Famous, Inc.",Russell2000
NRC,0000070487,Nrc Health,Russell2000
BSVN,0001746129,Bank7 Corp.,Russell2000
WYFI,0002042022,"Whitefiber, Inc.",Russell2000
PTLO,0001871509,Portillo'S Inc.,Russell2000
AVBH,0001443575,"Avidbank Holdings, Inc.",Russell2000
FNRN,0001114927,First Northern Community Bancorp,Russell2000
BH,0001726173,Biglari Holdings Inc.,Russell2000
KINS,0000033992,"Kingstone Companies, Inc.",Russell2000
MGNX,0001125345,Macrogenics Inc,Russell2000
SHOE,0000895447,Shoe Station Group Inc,Russell2000
CMRC,0001626450,"Commerce.Com, Inc.",Russell2000
KRUS,0001772177,"Kura Sushi Usa, Inc.",Russell2000
WEYS,0000106532,Weyco Group Inc,Russell2000
AKBA,0001517022,"Akebia Therapeutics, Inc.",Russell2000
REFI,0001867949,"Chicago Atlantic Real Estate Finance, Inc.",Russell2000
BRBS,0000842717,"Blue Ridge Bankshares, Inc.",Russell2000
RC,0001527590,Ready Capital Corp,Russell2000
CMPX,0001738021,"Compass Therapeutics, Inc.",Russell2000
IMRX,0001790340,Immuneering Corp,Russell2000
ABX,0001814287,"Abacus Global Management, Inc.",Russell2000
WBTN,0001997859,Webtoon Entertainment Inc.,Russell2000
NUS,0001021561,"Nu Skin Enterprises, Inc.",Russell2000
RJET,0000810332,Republic Airways Holdings Inc.,Russell2000
JACK,0000807882,Jack In The Box Inc,Russell2000
HBB,0001709164,Hamilton Beach Brands Holding Co,Russell2000
FRPH,0000844059,"Frp Holdings, Inc.",Russell2000
INFU,0001337013,"Infusystem Holdings, Inc",Russell2000
ANIK,0000898437,"Anika Therapeutics, Inc.",Russell2000
TSSI,0001320760,"Tss, Inc.",Russell2000
BLND,0001855747,"Blend Labs, Inc.",Russell2000
RMNI,0001635282,"Rimini Street, Inc.",Russell2000
STRO,0001382101,"Sutro Biopharma, Inc.",Russell2000
INNV,0001834376,Innovage Holding Corp.,Russell2000
HCKT,0001057379,"Hackett Group, Inc.",Russell2000
OBIO,0001814114,"Orchestra Biomed Holdings, Inc.",Russell2000
AVNW,0001377789,"Aviat Networks, Inc.",Russell2000
WNEB,0001157647,"Western New England Bancorp, Inc.",Russell2000
CHPT,0001777393,"Chargepoint Holdings, Inc.",Russell2000
TLS,0000320121,Telos Corp,Russell2000
VABK,0001572334,Virginia National Bankshares Corp,Russell2000
OSUR,0001116463,Orasure Technologies Inc,Russell2000
DSP,0001828791,Viant Technology Inc.,Russell2000
LTBR,0001084554,Lightbridge Corp,Russell2000
JAKK,0001009829,Jakks Pacific Inc,Russell2000
ACRE,0001529377,Ares Commercial Real Estate Corp,Russell2000
FNKO,0001704711,"Funko, Inc.",Russell2000
BGS,0001278027,"B&G Foods, Inc.",Russell2000
ONIT,0000873860,Onity Group Inc.,Russell2000
LTRX,0001114925,Lantronix Inc,Russell2000
BPRN,0001913971,"Princeton Bancorp, Inc.",Russell2000
LEGH,0001436208,Legacy Housing Corp,Russell2000
III,0001371489,Information Services Group Inc.,Russell2000
PPIH,0000914122,"Perma-Pipe International Holdings, Inc.",Russell2000
BKTI,0000002186,Bk Technologies Corp,Russell2000
APC,0002080921,Arko Petroleum Corp.,Russell2000
AVXL,0001314052,Anavex Life Sciences Corp.,Russell2000
BNTC,0001808898,Benitec Biopharma Inc.,Russell2000
IVVD,0001832038,"Invivyd, Inc.",Russell2000
DBI,0001319947,Designer Brands Inc.,Russell2000
SEVN,0001452477,Seven Hills Realty Trust,Russell2000
TBCH,0001493761,Turtle Beach Corp,Russell2000
USAU,0000027093,U.S. Gold Corp.,Russell2000
COSO,0001297107,"Coastalsouth Bancshares, Inc.",Russell2000
IMMR,0001058811,Immersion Corp,Russell2000
OSS,0001394056,"One Stop Systems, Inc.",Russell2000
PEBK,0001093672,Peoples Bancorp Of North Carolina Inc,Russell2000
WOOF,0001826470,"Petco Health & Wellness Company, Inc.",Russell2000
POWW,0001015383,Outdoor Holding Co,Russell2000
MFIN,0001000209,Medallion Financial Corp,Russell2000
ELMT,0002101698,Elmet Group Co.,Russell2000
HLLY,0001822928,Holley Inc.,Russell2000
IPSC,0001850119,"Century Therapeutics, Inc.",Russell2000
OPFI,0001818502,Oppfi Inc.,Russell2000
TLSI,0001826667,"Trisalus Life Sciences, Inc.",Russell2000
INBK,0001562463,First Internet Bancorp,Russell2000
EFSI,0000880641,Eagle Financial Services Inc,Russell2000
SRI,0001043337,Stoneridge Inc,Russell2000
CDZI,0000727273,Cadiz Inc,Russell2000
GSIT,0001126741,Gsi Technology Inc,Russell2000
LIME,0001699963,"Neutron Holdings, Inc.",Russell2000
ELDN,0001404281,"Eledon Pharmaceuticals, Inc.",Russell2000
FBLA,0002013639,"Fb Bancorp, Inc. /Md/",Russell2000
KROS,0001664710,"Keros Therapeutics, Inc.",Russell2000
PDYN,0001826681,Palladyne Ai Corp.,Russell2000
SIDU,0001879726,Sidus Space Inc.,Russell2000
PMTS,0001641614,Cpi Card Group Inc.,Russell2000
ALMU,0001828805,"Aeluma, Inc.",Russell2000
ASYS,0000720500,Amtech Systems Inc,Russell2000
PPHC,0001903508,"Public Policy Holding Company, Inc.",Russell2000
PCYO,0000276720,Pure Cycle Corp,Russell2000
MRBK,0001750735,Meridian Corp,Russell2000
SKYH,0001823587,Sky Harbour Group Corp,Russell2000
OFRM,0001696556,"Once Upon A Farm, Pbc",Russell2000
CMDB,0002033535,Costamare Bulkers Holdings Ltd,Russell2000
ITG,0002110117,"Itg, Inc./De/",Russell2000
PLX,0001006281,"Protalix Biotherapeutics, Inc.",Russell2000
SMRT,0001837014,"Smartrent, Inc.",Russell2000
LWAY,0000814586,"Lifeway Foods, Inc.",Russell2000
EVEX,0001823652,"Eve Holding, Inc.",Russell2000
ALCO,0000003545,"Alico, Inc.",Russell2000
CZWI,0001367859,Citizens Community Bancorp Inc.,Russell2000
RXST,0001111485,"Rxsight, Inc.",Russell2000
SPOK,0001289945,"Spok Holdings, Inc",Russell2000
OPBK,0001722010,Op Bancorp,Russell2000
BBCP,0001703956,"Concrete Pumping Holdings, Inc.",Russell2000
KWY,0001072627,Kingsway Corp,Russell2000
EVGO,0001821159,Evgo Inc.,Russell2000
RELL,0000355948,"Richardson Electronics, Ltd.",Russell2000
CV,0001378325,"Capsovision, Inc",Russell2000
XZO,0001873951,"Exzeo Group, Inc.",Russell2000
INR,0002029118,"Infinity Natural Resources, Inc.",Russell2000
VUZI,0001463972,Vuzix Corp,Russell2000
HMH,0002021880,Hmh Holding Inc,Russell2000
EU,0001500881,Encore Energy Corp.,Russell2000
LMRI,0002071288,"Lumexa Imaging Holdings, Inc.",Russell2000
VEL,0001692376,"Velocity Financial, Inc.",Russell2000
FCAP,0001070296,First Capital Inc,Russell2000
NXDT,0001356115,Nexpoint Diversified Real Estate Trust,Russell2000
MGPI,0000835011,Mgp Ingredients Inc,Russell2000
PACK,0001712463,Ranpak Holdings Corp.,Russell2000
ASLE,0001754170,Aersale Corp,Russell2000
TRDA,0001689375,"Entrada Therapeutics, Inc.",Russell2000
GOGO,0001537054,Gogo Inc.,Russell2000
PBFS,0001769663,"Pioneer Bancorp, Inc./Md",Russell2000
SI,0001699350,"Shoulder Innovations, Inc.",Russell2000
MBI,0000814585,Mbia Inc,Russell2000
ASUR,0000884144,Asure Software Inc,Russell2000
UTMD,0000706698,Utah Medical Products Inc,Russell2000
HDSN,0000925528,Hudson Technologies Inc /Ny,Russell2000
KGEI,0001477081,Kolibri Global Energy Inc.,Russell2000
CFBK,0001070680,Cf Bankshares Inc.,Russell2000
LMNR,0001342423,Limoneira Co,Russell2000
CMTV,0000718413,Community Bancorp /Vt,Russell2000
HWBK,0000893847,"Hawthorn Bancshares, Inc.",Russell2000
LODE,0001120970,Comstock Inc.,Russell2000
UPB,0002022626,"Upstream Bio, Inc.",Russell2000
SMHI,0001690334,Seacor Marine Holdings Inc.,Russell2000
VELO,0001825079,"Velo3D, Inc.",Russell2000
ALEC,0001653087,"Alector, Inc.",Russell2000
MITT,0001514281,"Tpg Mortgage Investment Trust, Inc.",Russell2000
TG,0000850429,Tredegar Corp,Russell2000
LOVE,0001701758,Lovesac Co,Russell2000
ACU,0000002098,Acme United Corp,Russell2000
RCMT,0000700841,"Rcm Technologies, Inc.",Russell2000
QUIK,0000882508,Quicklogic Corp,Russell2000
SSP,0000832428,E.W. Scripps Co,Russell2000
PSFE,0001833835,Paysafe Ltd,Russell2000
ZUMZ,0001318008,Zumiez Inc,Russell2000
NATR,0000275053,Natures Sunshine Products Inc,Russell2000
PLAY,0001525769,"Dave & Buster'S Entertainment, Inc.",Russell2000
CMT,0001026655,Core Molding Technologies Inc,Russell2000
OSG,0000874501,Octave Specialty Group Inc,Russell2000
HPK,0001792849,"Highpeak Energy, Inc.",Russell2000
RICK,0000935419,"Rci Hospitality Holdings, Inc.",Russell2000
TARA,0001359931,"Protara Therapeutics, Inc.",Russell2000
SEG,0002009684,Seaport Entertainment Group Inc.,Russell2000
PROK,0001850270,Prokidney Corp.,Russell2000
EBMT,0001478454,"Eagle Bancorp Montana, Inc.",Russell2000
RSVR,0001824403,"Reservoir Media, Inc.",Russell2000
TAYD,0000096536,"Taylor Devices, Inc.",Russell2000
AREC,0001590715,American Resources Corp,Russell2000
GALT,0001133416,Galectin Therapeutics Inc,Russell2000
KRO,0001257640,Kronos Worldwide Inc,Russell2000
BNED,0001634117,"Barnes & Noble Education, Inc.",Russell2000
JILL,0001687932,"J.Jill, Inc.",Russell2000
GBFH,0001791145,Gbank Financial Holdings Inc.,Russell2000
ELMD,0001488917,"Electromed, Inc.",Russell2000
FBYD,0001937987,"Falcon'S Beyond Global, Inc.",Russell2000
GPRO,0001500435,"Gopro, Inc.",Russell2000
CIA,0000024090,"Citizens, Inc.",Russell2000
OVBC,0000894671,Ohio Valley Banc Corp,Russell2000
LCTX,0000876343,"Lineage Cell Therapeutics, Inc.",Russell2000
NAGE,0001386570,"Niagen Bioscience, Inc.",Russell2000
TNXP,0001430306,Tonix Pharmaceuticals Holding Corp.,Russell2000
RMBI,0001767837,"Richmond Mutual Bancorporation, Inc.",Russell2000
RILY,0001464790,"Brc Group Holdings, Inc.",Russell2000
RBBN,0001708055,Ribbon Communications Inc.,Russell2000
ATOM,0001420520,Atomera Inc,Russell2000
SABS,0001833214,"Sab Biotherapeutics, Inc.",Russell2000
ANGI,0001705110,Angi Inc.,Russell2000
CHRS,0001512762,"Coherus Oncology, Inc.",Russell2000
ESCA,0000033488,Escalade Inc,Russell2000
AMPY,0001533924,Amplify Energy Corp.,Russell2000
REF,0001787117,Reformation Inc.,Russell2000
FC,0000886206,Franklin Covey Co,Russell2000
GENC,0000064472,Gencor Industries Inc,Russell2000
ALXO,0001810182,Alx Oncology Holdings Inc,Russell2000
JRVR,0001620459,"James River Group Holdings, Inc.",Russell2000
SMTI,0000714256,Sanara Medtech Inc.,Russell2000
UIS,0000746838,Unisys Corp,Russell2000
WHK,0001921603,Whitehawk Minerals Corp.,Russell2000
WHWK,0001422142,"Whitehawk Therapeutics, Inc.",Russell2000
VYGR,0001640266,"Voyager Therapeutics, Inc.",Russell2000
SITC,0000894315,Site Centers Corp.,Russell2000
USNA,0000896264,Usana Health Sciences Inc,Russell2000
PDEX,0000788920,Pro Dex Inc,Russell2000
NCMI,0001377630,"National Cinemedia, Inc.",Russell2000
ESOA,0001357971,Energy Services Of America Corp,Russell2000
AIRO,0001927958,"Airo Group Holdings, Inc.",Russell2000
NLOP,0001952976,Net Lease Office Properties,Russell2000
MNSB,0001693577,"Mainstreet Bancshares, Inc.",Russell2000
ZNTL,0001725160,"Zentalis Pharmaceuticals, Inc.",Russell2000
ORMP,0001176309,Oramed Pharmaceuticals Inc.,Russell2000
MNTK,0001826600,"Montauk Renewables, Inc.",Russell2000
LZM,0001958217,Lifezone Metals Ltd,Russell2000
MPAA,0000918251,Motorcar Parts Of America Inc,Russell2000
ACTG,0000934549,Acacia Research Corp,Russell2000
DTIL,0001357874,Precision Biosciences Inc,Russell2000
SLNH,0000064463,"Soluna Holdings, Inc",Russell2000
NREF,0001786248,"Nexpoint Real Estate Finance, Inc.",Russell2000
FF,0001337298,Futurefuel Corp.,Russell2000
AOMR,0001766478,"Angel Oak Mortgage Reit, Inc.",Russell2000
SND,0001529628,"Smart Sand, Inc.",Russell2000
LARK,0001141688,Landmark Bancorp Inc,Russell2000
DOMO,0001505952,"Domo, Inc.",Russell2000
ALTI,0001838615,"Alti Global, Inc.",Russell2000
ACDC,0001881487,Profrac Holding Corp.,Russell2000
EAF,0000931148,Graftech International Ltd,Russell2000
PXED,0001600222,"Phoenix Education Partners, Inc.",Russell2000
ARTV,0001817241,"Artiva Biotherapeutics, Inc.",Russell2000
AIRJ,0001855474,Airjoule Technologies Corp.,Russell2000
FHTX,0001822462,Foghorn Therapeutics Inc.,Russell2000
GLSI,0001799788,"Greenwich Lifesciences, Inc.",Russell2000
BVFL,0001302387,"Bv Financial, Inc.",Russell2000
ADV,0001776661,Advantage Solutions Inc.,Russell2000
PNRG,0000056868,Primeenergy Resources Corp,Russell2000
SPRB,0001683553,"Spruce Biosciences, Inc.",Russell2000
KRMD,0000704440,"Koru Medical Systems, Inc.",Russell2000
EVMN,0002044725,"Evommune, Inc.",Russell2000
CNTN,0001861657,"Canton Strategic Holdings, Inc.",Russell2000
SES,0001819142,Ses Ai Corp,Russell2000
SNFCA,0000318673,Security National Financial Corp,Russell2000
NC,0000789933,Nacco Industries Inc,Russell2000
BRT,0000014846,Brt Apartments Corp.,Russell2000
RGCO,0001069533,Rgc Resources Inc,Russell2000
SIGA,0001010086,Siga Technologies Inc,Russell2000
CMTG,0001666291,"Claros Mortgage Trust, Inc.",Russell2000
CBFV,0001605301,"Cb Financial Services, Inc.",Russell2000
XPOF,0001802156,"Xponential Fitness, Inc.",Russell2000
PLTK,0001828016,Playtika Holding Corp.,Russell2000
ESP,0000033533,Espey Mfg & Electronics Corp,Russell2000
MPLT,0001770069,"Maplight Therapeutics, Inc.",Russell2000
CDXS,0001200375,"Codexis, Inc.",Russell2000
RNA,0002093101,"Atrium Therapeutics, Inc.",Russell2000
SGC,0000095574,"Superior Group Of Companies, Inc.",Russell2000
BCBP,0001228454,Bcb Bancorp Inc,Russell2000
WHG,0001165002,Westwood Holdings Group Inc,Russell2000
QTRX,0001503274,Quanterix Corp,Russell2000
LFMD,0000948320,"Lifemd, Inc.",Russell2000
SSTK,0001549346,"Shutterstock, Inc.",Russell2000
SRBK,0001951276,"Sr Bancorp, Inc.",Russell2000
CURI,0001776909,Curiositystream Inc.,Russell2000
PRLD,0001678660,Prelude Therapeutics Inc,Russell2000
CARL,0001794546,"Carlsmed, Inc.",Russell2000
AP,0000006176,Ampco Pittsburgh Corp,Russell2000
ANTX,0001880438,"An2 Therapeutics, Inc.",Russell2000
NKTX,0001787400,"Nkarta, Inc.",Russell2000
INGN,0001294133,Inogen Inc,Russell2000
CRBP,0001595097,"Corbus Pharmaceuticals Holdings, Inc.",Russell2000
LFCR,0001005286,"Lifecore Biomedical, Inc. De",Russell2000
AMTX,0000738214,"Aemetis, Inc",Russell2000
BRCB,0002068577,"Black Rock Coffee Bar, Inc.",Russell2000
DOUG,0001878897,Douglas Elliman Inc.,Russell2000
MDWD,0001593984,Mediwound Ltd.,Russell2000
VERI,0001615165,"Veritone, Inc.",Russell2000
LAW,0001625641,"Cs Disco, Inc.",Russell2000
SRZN,0001824893,"Surrozen, Inc./De",Russell2000
ONL,0001873923,Orion Properties Inc.,Russell2000
ALTG,0001759824,Alta Equipment Group Inc.,Russell2000
INSE,0001615063,"Inspired Entertainment, Inc.",Russell2000
KLTR,0001432133,Kaltura Inc,Russell2000
INTT,0001036262,Intest Corp,Russell2000
ZSQR,0001759186,Z Squared Inc.,Russell2000
ULH,0001308208,"Universal Logistics Holdings, Inc.",Russell2000
EVCM,0001853145,Evercommerce Inc.,Russell2000
ADCT,0001771910,Adc Therapeutics Sa,Russell2000
BETR,0001835856,Better Home & Finance Holding Co,Russell2000
TTGT,0002018064,"Techtarget, Inc.",Russell2000
LUCD,0001799011,Lucid Diagnostics Inc.,Russell2000
ABOS,0001576885,"Acumen Pharmaceuticals, Inc.",Russell2000
CAMP,0001736730,Camp4 Therapeutics Corp,Russell2000
CRBU,0001619856,"Caribou Biosciences, Inc.",Russell2000
NERV,0001598646,"Minerva Neurosciences, Inc.",Russell2000
HNVR,0001828588,"Hanover Bancorp, Inc. /Md",Russell2000
MLP,0000063330,Maui Land & Pineapple Co Inc,Russell2000
UNCY,0001766140,"Unicycive Therapeutics, Inc.",Russell2000
GYRE,0001124105,"Gyre Therapeutics, Inc.",Russell2000
SION,0002036042,"Sionna Therapeutics, Inc.",Russell2000
KRRO,0001703647,"Korro Bio, Inc.",Russell2000
MVST,0001760689,"Microvast Holdings, Inc.",Russell2000
BALY,0001747079,Bally'S Corp,Russell2000
CXDO,0001075736,"Crexendo, Inc.",Russell2000
BHR,0001574085,Braemar Hotels & Resorts Inc.,Russell2000
NODK,0001681206,"Ni Holdings, Inc.",Russell2000
STRW,0001782430,"Strawberry Fields Reit, Inc.",Russell2000
EPM,0001006655,Evolution Petroleum Corp,Russell2000
RAIL,0001320854,"Freightcar America, Inc.",Russell2000
RBKB,0001751783,"Rhinebeck Bancorp, Inc.",Russell2000
FINW,0001856365,Finwise Bancorp,Russell2000
ONEW,0001772921,Onewater Marine Inc.,Russell2000
CVGI,0001290900,"Commercial Vehicle Group, Inc.",Russell2000
RNAC,0001453687,"Cartesian Therapeutics, Inc.",Russell2000
EVI,0000065312,"Evi Industries, Inc.",Russell2000
LE,0000799288,"Lands' End, Inc.",Russell2000
TKNO,0001850902,"Alpha Teknova, Inc.",Russell2000
GWRS,0001434728,"Global Water Resources, Inc.",Russell2000
EGAN,0001066194,Egain Corp,Russell2000
PAL,0001998768,"Proficient Auto Logistics, Inc",Russell2000
TRAK,0000050471,"Repositrak, Inc.",Russell2000
CBNA,0001392272,Chain Bridge Bancorp Inc,Russell2000
ORGO,0001661181,Organogenesis Holdings Inc.,Russell2000
LYEL,0001806952,"Lyell Immunopharma, Inc.",Russell2000
LCUT,0000874396,"Lifetime Brands, Inc",Russell2000
CABO,0001632127,"Cable One, Inc.",Russell2000
SVCO,0001943289,"Silvaco Group, Inc.",Russell2000
ECBK,0001914605,"Ecb Bancorp, Inc. /Md/",Russell2000
SAMG,0001549966,Silvercrest Asset Management Group Inc.,Russell2000
BDTX,0001701541,"Black Diamond Therapeutics, Inc.",Russell2000
SBC,0001930313,Sbc Medical Group Holdings Inc,Russell2000
CPSS,0000889609,"Consumer Portfolio Services, Inc.",Russell2000
ELA,0000701719,Envela Corp,Russell2000
KVHI,0001007587,Kvh Industries Inc \De\,Russell2000
SWMR,0002092574,"Swarmer, Inc",Russell2000
STXS,0001289340,"Stereotaxis, Inc.",Russell2000
LENZ,0001815776,"Lenz Therapeutics, Inc.",Russell2000
LDI,0001831631,"Loandepot, Inc.",Russell2000
OFLX,0001317945,"Omega Flex, Inc.",Russell2000
EPSN,0001726126,Epsilon Energy Ltd.,Russell2000
BRCC,0001891101,Brc Inc.,Russell2000
DIBS,0001600641,"1Stdibs.Com, Inc.",Russell2000
RDNW,0001596961,"Ridenow Group, Inc.",Russell2000
HQI,0001140102,"Hirequest, Inc.",Russell2000
CURV,0001792781,Torrid Holdings Inc.,Russell2000
FOA,0001828937,Finance Of America Companies Inc.,Russell2000
TRON,0001956744,Tron Inc.,Russell2000
DMRC,0002119322,Digimarc Corp,Russell2000
KLC,0001873529,"Kindercare Learning Companies, Inc.",Russell2000
MOBI,0001489993,"Mobia Medical, Inc.",Russell2000
OPTX,0001866816,"Syntec Optics Holdings, Inc.",Russell2000
NPWR,0001845437,Net Power Inc.,Russell2000
ZENA,0001997403,"Zenatech, Inc.",Russell2000
TCX,0000909494,Tucows Inc /Pa/,Russell2000
THRY,0001556739,"Thryv Holdings, Inc.",Russell2000
BZAI,0001871638,"Blaize Holdings, Inc.",Russell2000
WATT,0001575793,Energous Corp,Russell2000
ACR,0001332551,Acres Commercial Realty Corp.,Russell2000
RFIL,0000740664,R F Industries Ltd,Russell2000
OKUR,0001637715,"Onkure Therapeutics, Inc.",Russell2000
NMRA,0001885522,"Neumora Therapeutics, Inc.",Russell2000
ACH,0000075252,Accendra Health Inc/Va/,Russell2000
TENX,0000034956,"Tenax Therapeutics, Inc.",Russell2000
SMID,0000924719,Smith Midland Corp,Russell2000
PAMT,0000798287,Pamt Corp,Russell2000
VENU,0001770501,Venu Holding Corp,Russell2000
CHCI,0001299969,"Comstock Holding Companies, Inc.",Russell2000
SUJA,0001934114,"Suja Life, Inc.",Russell2000
FJET,0001947016,"Starfighters Space, Inc.",Russell2000
CIX,0001049606,Compx International Inc,Russell2000
VHI,0000059255,Valhi Inc /De/,Russell2000
INSG,0001022652,Inseego Corp.,Russell2000
FLWS,0001084869,1 800 Flowers Com Inc,Russell2000
HYPR,0001833769,"Hyperfine, Inc.",Russell2000
FCBM,0001531193,"First Carolina Financial Services, Inc.",Russell2000
INV,0002001557,"Innventure, Inc.",Russell2000
TCI,0000733590,Transcontinental Realty Investors Inc,Russell2000
NL,0000072162,"Nli Holdings, Inc.",Russell2000
NAUT,0001808805,"Nautilus Biotechnology, Inc.",Russell2000
PLBY,0001803914,"Playboy, Inc.",Russell2000
MKTW,0001805651,"Marketwise, Inc.",Russell2000
BNAI,0001838163,Brand Engagement Network Inc.,Russell2000
OPAL,0001842279,Opal Fuels Inc.,Russell2000
RDZN,0001868640,Roadzen Inc.,Russell2000
CVRX,0001235912,"Cvrx, Inc.",Russell2000
FGBI,0001408534,"First Guaranty Bancshares, Inc.",Russell2000
VALU,0000717720,Value Line Inc,Russell2000
SBMT,0002067674,Silver Bow Mining Corp.,Russell2000
VATE,0001006837,Innovate Corp.,Russell2000
IDN,0001040896,"Intellicheck, Inc.",Russell2000
HRTX,0000818033,"Heron Therapeutics, Inc. /De/",Russell2000
TYGO,0001855447,"Tigo Energy, Inc.",Russell2000
KPTI,0001503802,Karyopharm Therapeutics Inc.,Russell2000
AIRS,0001870940,"Airsculpt Technologies, Inc.",Russell2000
TOYO,0001985273,"Toyo Co., Ltd",Russell2000
CNTX,0001842952,Context Therapeutics Inc.,Russell2000
AFRI,0001903870,Forafric Global Plc,Russell2000
ARMP,0000921114,"Armata Pharmaceuticals, Inc.",Russell2000
LEE,0000058361,"Lee Enterprises, Inc",Russell2000
REA,0002095743,"Rare Earths Americas, Inc.",Russell2000
LVWR,0001898795,"Livewire Group, Inc.",Russell2000
SHIM,0001887944,Shimmick Corp,Russell2000
USGO,0001947244,U.S. Goldmining Inc.,Russell2000
ELTX,0001601485,"Elicio Therapeutics, Inc.",Russell2000
CNTB,0001835268,Connect Biopharma Holdings Ltd,Russell2000
FLYX,0001843973,Flyexclusive Inc.,Russell2000
RENT,0001468327,"Rent The Runway, Inc.",Russell2000
UP,0001819516,Wheels Up Experience Inc.,Russell2000
ARL,0001102238,American Realty Investors Inc,Russell2000
AEG,0000769218,Aegon Ltd.,AEX
AKZOY,0000003124,Akzo Nobel Nv,AEX
MT,0001243429,Arcelormittal,"AEX,CAC40,IBEX35"
HKHHY,0001142231,Heineken Holding N V,AEX
RELX,0000929869,Relx Plc,"AEX,FTSE100"
SHEL,0001306965,Shell Plc,"AEX,FTSE100"
UL,0000217410,Unilever Plc,"AEX,FTSE100"
FNCTF,0001038143,Orange,CAC40
SNY,0001121404,Sanofi,CAC40
STLA,0001605484,Stellantis N.V.,"CAC40,FTSE_MIB"
STM,0000932787,Stmicroelectronics N.V.,"CAC40,FTSE_MIB"
TTE,0000879764,Totalenergies Se,CAC40
DB,0001159508,Deutsche Bank Aktiengesellschaft,DAX40
DTEGY,0000946770,Deutsche Telekom Ag,DAX40
EONGY,0001136808,E.On Se,DAX40
FMS,0001333141,Fresenius Medical Care Ag,DAX40
IFNNY,0001107457,Infineon Technologies Ag,DAX40
QGEN,0001015820,Qiagen N.V.,DAX40
SAP,0001000184,Sap Se,DAX40
TGOPF,0001078716,3I Group Plc,FTSE100
AZN,0000901832,Astrazeneca Plc,"FTSE100,OMXS30"
BCS,0000312069,Barclays Plc,FTSE100
BP,0000313807,Bp Plc,FTSE100
BTI,0001303523,British American Tobacco P.L.C.,FTSE100
BZLFY,0001072397,Bunzl Plc,FTSE100
DEO,0000835403,Diageo Plc,FTSE100
ESYJY,0001470419,Easyjet Plc,FTSE100
GSK,0001131399,Gsk Plc,FTSE100
HLN,0001900304,Haleon Plc,FTSE100
HSBC,0001089113,Hsbc Holdings Plc,FTSE100
LYG,0001160106,Lloyds Banking Group Plc,FTSE100
LSEGY,0001842726,London Stock Exchange Group Plc,FTSE100
NGG,0001004315,National Grid Plc,FTSE100
NWG,0000844150,Natwest Group Plc,FTSE100
PSO,0000938323,Pearson Plc,FTSE100
PS,0002026053,Pershing Square Inc.,FTSE100
PUK,0001116578,Prudential Plc,FTSE100
RTNTF,0000887028,Rio Tinto Ltd,FTSE100
SNN,0000845982,Smith & Nephew Plc,FTSE100
SLFPY,0001370418,Standard Life Plc,FTSE100
BMDPF,0001002788,Banca Monte Dei Paschi Di Siena Spa,FTSE_MIB
E,0001002242,Eni Spa,FTSE_MIB
RACE,0001648416,Ferrari N.V.,FTSE_MIB
PRYMF,0001437672,Prysmian S.P.A.,FTSE_MIB
TS,0001190723,Tenaris Sa,FTSE_MIB
GRFS,0001438569,Grifols Sa,IBEX35
FLIDY,0001433087,Flsmidth & Co. A/S,OMXC25
GMAB,0001434265,Genmab A/S,OMXC25
NVO,0000353278,Novo Nordisk A S,OMXC25
VWSYF,0001330306,Vestas Wind Systems A/S,OMXC25
ABBNY,0001091587,Abb Ltd,"OMXS30,SMI"
UBS,0001610520,Ubs Group Ag,SMI
SCMWY,0001069336,Swisscom Ag,SMI
ALC,0001167379,Alcon Inc,SMI
AMRZ,0002035989,Amrize Ltd,SMI
LOGI,0001032975,Logitech International S.A.,SMI
